{"timestamp": "2026-07-23T11:12:38.814846+08:00", "level": "runtime", "action": "parser_started", "project_id": "t1", "agent": "parser", "task_id": "parser-t1", "extra": {"input": "/Users/shijunteng/Desktop/图纸/InteriorDesignOS/examples/input/sample_json/sample.json"}}
{"timestamp": "2026-07-23T11:12:38.815038+08:00", "level": "runtime", "action": "input_loaded", "project_id": "t1", "agent": "parser", "task_id": "parser-t1", "extra": {"size": 1134, "mime": "application/json", "hash": "4a1b9feacf11"}}
{"timestamp": "2026-07-23T11:12:38.815103+08:00", "level": "runtime", "action": "input_type", "project_id": "t1", "agent": "parser", "task_id": "parser-t1", "extra": {"input_type": "TEXT"}}
{"timestamp": "2026-07-23T11:12:38.815318+08:00", "level": "runtime", "action": "schema_validation", "project_id": "t1", "agent": "parser", "task_id": "parser-t1"}
{"timestamp": "2026-07-23T11:12:38.816050+08:00", "level": "runtime", "action": "schema_validation_ok", "project_id": "t1", "agent": "parser", "task_id": "parser-t1"}
{"timestamp": "2026-07-23T11:12:38.816471+08:00", "level": "runtime", "action": "workspace_saved", "project_id": "t1", "agent": "parser", "extra": {"path": "/private/var/folders/0g/qs_2dts56wv6c2ctndzz2txm0000gn/T/pytest-of-shijunteng/pytest-7/test_run_parser_success_saves_0/ws/projects/t1/original_model.json", "version": "v1"}}
{"timestamp": "2026-07-23T11:12:38.816676+08:00", "level": "runtime", "action": "checkpoint_saved", "project_id": "t1", "agent": "parser", "extra": {"path": "/private/var/folders/0g/qs_2dts56wv6c2ctndzz2txm0000gn/T/pytest-of-shijunteng/pytest-7/test_run_parser_success_saves_0/ws/projects/t1/checkpoint_parser_v1.json", "checkpoint": "checkpoint_parser_v1.json"}}
{"timestamp": "2026-07-23T11:12:38.816746+08:00", "level": "runtime", "action": "parser_finished", "project_id": "t1", "agent": "parser", "task_id": "parser-t1", "extra": {"success": true}}
{"timestamp": "2026-07-23T11:12:38.818064+08:00", "level": "runtime", "action": "parser_started", "project_id": "img1", "agent": "parser", "task_id": "parser-img1", "extra": {"input": "/Users/shijunteng/Desktop/图纸/InteriorDesignOS/examples/input/sample_image/sample.png"}}
{"timestamp": "2026-07-23T11:12:38.818268+08:00", "level": "runtime", "action": "input_loaded", "project_id": "img1", "agent": "parser", "task_id": "parser-img1", "extra": {"size": 69, "mime": "image/png", "hash": "ae4055a4c637"}}
{"timestamp": "2026-07-23T11:12:38.818349+08:00", "level": "runtime", "action": "input_type", "project_id": "img1", "agent": "parser", "task_id": "parser-img1", "extra": {"input_type": "IMAGE"}}
{"timestamp": "2026-07-23T11:12:38.818455+08:00", "level": "runtime", "action": "schema_validation", "project_id": "img1", "agent": "parser", "task_id": "parser-img1"}
{"timestamp": "2026-07-23T11:12:38.818769+08:00", "level": "runtime", "action": "schema_validation_ok", "project_id": "img1", "agent": "parser", "task_id": "parser-img1"}
{"timestamp": "2026-07-23T11:12:38.819163+08:00", "level": "runtime", "action": "workspace_saved", "project_id": "img1", "agent": "parser", "extra": {"path": "/private/var/folders/0g/qs_2dts56wv6c2ctndzz2txm0000gn/T/pytest-of-shijunteng/pytest-7/test_run_parser_image_empty_ge0/ws/projects/img1/original_model.json", "version": "v1"}}
{"timestamp": "2026-07-23T11:12:38.819346+08:00", "level": "runtime", "action": "checkpoint_saved", "project_id": "img1", "agent": "parser", "extra": {"path": "/private/var/folders/0g/qs_2dts56wv6c2ctndzz2txm0000gn/T/pytest-of-shijunteng/pytest-7/test_run_parser_image_empty_ge0/ws/projects/img1/checkpoint_parser_v1.json", "checkpoint": "checkpoint_parser_v1.json"}}
{"timestamp": "2026-07-23T11:12:38.819401+08:00", "level": "runtime", "action": "parser_finished", "project_id": "img1", "agent": "parser", "task_id": "parser-img1", "extra": {"success": true}}
{"timestamp": "2026-07-23T11:12:38.820543+08:00", "level": "runtime", "action": "parser_started", "project_id": "pdf1", "agent": "parser", "task_id": "parser-pdf1", "extra": {"input": "/Users/shijunteng/Desktop/图纸/InteriorDesignOS/examples/input/sample_pdf/sample.pdf"}}
{"timestamp": "2026-07-23T11:12:38.820947+08:00", "level": "runtime", "action": "input_loaded", "project_id": "pdf1", "agent": "parser", "task_id": "parser-pdf1", "extra": {"size": 193, "mime": "application/pdf", "hash": "e5a636ac00ea"}}
{"timestamp": "2026-07-23T11:12:38.821057+08:00", "level": "runtime", "action": "input_type", "project_id": "pdf1", "agent": "parser", "task_id": "parser-pdf1", "extra": {"input_type": "PDF"}}
{"timestamp": "2026-07-23T11:12:38.821650+08:00", "level": "runtime", "action": "schema_validation", "project_id": "pdf1", "agent": "parser", "task_id": "parser-pdf1"}
{"timestamp": "2026-07-23T11:12:38.823162+08:00", "level": "runtime", "action": "schema_validation_ok", "project_id": "pdf1", "agent": "parser", "task_id": "parser-pdf1"}
{"timestamp": "2026-07-23T11:12:38.824091+08:00", "level": "runtime", "action": "workspace_saved", "project_id": "pdf1", "agent": "parser", "extra": {"path": "/private/var/folders/0g/qs_2dts56wv6c2ctndzz2txm0000gn/T/pytest-of-shijunteng/pytest-7/test_run_parser_pdf_empty_geom0/ws/projects/pdf1/original_model.json", "version": "v1"}}
{"timestamp": "2026-07-23T11:12:38.824540+08:00", "level": "runtime", "action": "checkpoint_saved", "project_id": "pdf1", "agent": "parser", "extra": {"path": "/private/var/folders/0g/qs_2dts56wv6c2ctndzz2txm0000gn/T/pytest-of-shijunteng/pytest-7/test_run_parser_pdf_empty_geom0/ws/projects/pdf1/checkpoint_parser_v1.json", "checkpoint": "checkpoint_parser_v1.json"}}
{"timestamp": "2026-07-23T11:12:38.824640+08:00", "level": "runtime", "action": "parser_finished", "project_id": "pdf1", "agent": "parser", "task_id": "parser-pdf1", "extra": {"success": true}}
{"timestamp": "2026-07-23T11:12:38.825724+08:00", "level": "runtime", "action": "parser_started", "project_id": "x", "agent": "parser", "task_id": "parser-x", "extra": {"input": "/Users/shijunteng/Desktop/图纸/InteriorDesignOS/examples/input/does_not_exist.dwg"}}
{"timestamp": "2026-07-23T11:12:38.826442+08:00", "level": "runtime", "action": "parser_started", "project_id": "empty1", "agent": "parser", "task_id": "parser-empty1", "extra": {"input": "/Users/shijunteng/Desktop/图纸/InteriorDesignOS/examples/input/empty_project/empty.txt"}}
{"timestamp": "2026-07-23T11:12:38.826552+08:00", "level": "runtime", "action": "input_loaded", "project_id": "empty1", "agent": "parser", "task_id": "parser-empty1", "extra": {"size": 0, "mime": "text/plain", "hash": "e3b0c44298fc"}}
{"timestamp": "2026-07-23T11:12:38.826613+08:00", "level": "runtime", "action": "input_type", "project_id": "empty1", "agent": "parser", "task_id": "parser-empty1", "extra": {"input_type": "TEXT"}}
{"timestamp": "2026-07-23T11:12:38.826745+08:00", "level": "runtime", "action": "schema_validation", "project_id": "empty1", "agent": "parser", "task_id": "parser-empty1"}
{"timestamp": "2026-07-23T11:12:38.827098+08:00", "level": "runtime", "action": "schema_validation_ok", "project_id": "empty1", "agent": "parser", "task_id": "parser-empty1"}
{"timestamp": "2026-07-23T11:12:38.827460+08:00", "level": "runtime", "action": "workspace_saved", "project_id": "empty1", "agent": "parser", "extra": {"path": "/private/var/folders/0g/qs_2dts56wv6c2ctndzz2txm0000gn/T/pytest-of-shijunteng/pytest-7/test_run_parser_empty_input0/ws/projects/empty1/original_model.json", "version": "v1"}}
{"timestamp": "2026-07-23T11:12:38.827626+08:00", "level": "runtime", "action": "checkpoint_saved", "project_id": "empty1", "agent": "parser", "extra": {"path": "/private/var/folders/0g/qs_2dts56wv6c2ctndzz2txm0000gn/T/pytest-of-shijunteng/pytest-7/test_run_parser_empty_input0/ws/projects/empty1/checkpoint_parser_v1.json", "checkpoint": "checkpoint_parser_v1.json"}}
{"timestamp": "2026-07-23T11:12:38.827675+08:00", "level": "runtime", "action": "parser_finished", "project_id": "empty1", "agent": "parser", "task_id": "parser-empty1", "extra": {"success": true}}
{"timestamp": "2026-07-23T14:18:38.630622+08:00", "level": "runtime", "action": "project_state_changed", "project_id": "pipe_design", "extra": {"from_state": "CREATED", "to_state": "INITIALIZING"}}
{"timestamp": "2026-07-23T14:18:38.631217+08:00", "level": "runtime", "action": "project_state_changed", "project_id": "pipe_design", "extra": {"from_state": "INITIALIZING", "to_state": "RUNNING"}}
{"timestamp": "2026-07-23T14:18:38.631574+08:00", "level": "runtime", "action": "stage_started", "project_id": "pipe_design", "stage": "INITIALIZATION"}
{"timestamp": "2026-07-23T14:18:38.631626+08:00", "level": "runtime", "action": "stage_internal", "project_id": "pipe_design", "stage": "INITIALIZATION"}
{"timestamp": "2026-07-23T14:18:38.632121+08:00", "level": "runtime", "action": "stage_started", "project_id": "pipe_design", "stage": "INPUT_ANALYSIS"}
{"timestamp": "2026-07-23T14:18:38.632173+08:00", "level": "runtime", "action": "stage_internal", "project_id": "pipe_design", "stage": "INPUT_ANALYSIS"}
{"timestamp": "2026-07-23T14:18:38.632600+08:00", "level": "runtime", "action": "stage_started", "project_id": "pipe_design", "stage": "ORIGINAL_MODEL"}
{"timestamp": "2026-07-23T14:18:38.632775+08:00", "level": "runtime", "action": "parser_started", "project_id": "pipe_design", "agent": "parser", "task_id": "original_model-pipe_design", "extra": {"input": "/Users/shijunteng/Desktop/图纸/InteriorDesignOS/examples/input/sample_json/sample.json"}}
{"timestamp": "2026-07-23T14:18:38.633102+08:00", "level": "runtime", "action": "input_loaded", "project_id": "pipe_design", "agent": "parser", "task_id": "original_model-pipe_design", "extra": {"size": 1134, "mime": "application/json", "hash": "4a1b9feacf11"}}
{"timestamp": "2026-07-23T14:18:38.633159+08:00", "level": "runtime", "action": "input_type", "project_id": "pipe_design", "agent": "parser", "task_id": "original_model-pipe_design", "extra": {"input_type": "TEXT"}}
{"timestamp": "2026-07-23T14:18:38.633306+08:00", "level": "runtime", "action": "schema_validation", "project_id": "pipe_design", "agent": "parser", "task_id": "original_model-pipe_design"}
{"timestamp": "2026-07-23T14:18:38.634011+08:00", "level": "runtime", "action": "schema_validation_ok", "project_id": "pipe_design", "agent": "parser", "task_id": "original_model-pipe_design"}
{"timestamp": "2026-07-23T14:18:38.634212+08:00", "level": "runtime", "action": "workspace_saved", "project_id": "pipe_design", "agent": "parser", "extra": {"path": "/Users/shijunteng/Desktop/图纸/InteriorDesignOS/workspace/projects/pipe_design/original_model.json", "version": "v1"}}
{"timestamp": "2026-07-23T14:18:38.634382+08:00", "level": "runtime", "action": "checkpoint_saved", "project_id": "pipe_design", "agent": "parser", "extra": {"path": "/Users/shijunteng/Desktop/图纸/InteriorDesignOS/workspace/projects/pipe_design/checkpoint_parser_v1.json", "checkpoint": "checkpoint_parser_v1.json"}}
{"timestamp": "2026-07-23T14:18:38.634431+08:00", "level": "runtime", "action": "parser_finished", "project_id": "pipe_design", "agent": "parser", "task_id": "original_model-pipe_design", "extra": {"success": true}}
{"timestamp": "2026-07-23T14:18:38.634482+08:00", "level": "runtime", "action": "checkpoint_skip", "project_id": "pipe_design", "stage": "ORIGINAL_MODEL", "extra": {"reason": "no_model_kind"}}
{"timestamp": "2026-07-23T14:18:38.635588+08:00", "level": "runtime", "action": "stage_started", "project_id": "pipe_design", "stage": "DESIGN_SPEC"}
{"timestamp": "2026-07-23T14:18:38.635761+08:00", "level": "runtime", "action": "design_started", "project_id": "pipe_design", "agent": "design", "task_id": "design-pipe_design"}
{"timestamp": "2026-07-23T14:18:38.668249+08:00", "level": "runtime", "action": "project_state_changed", "project_id": "direct_design", "extra": {"from_state": "CREATED", "to_state": "INITIALIZING"}}
{"timestamp": "2026-07-23T14:18:38.668440+08:00", "level": "runtime", "action": "project_state_changed", "project_id": "direct_design", "extra": {"from_state": "INITIALIZING", "to_state": "RUNNING"}}
{"timestamp": "2026-07-23T14:18:38.668726+08:00", "level": "runtime", "action": "stage_started", "project_id": "direct_design", "stage": "DESIGN_SPEC"}
{"timestamp": "2026-07-23T14:18:38.685617+08:00", "level": "runtime", "action": "design_started", "project_id": "ds_test", "agent": "design", "task_id": "design-ds_test"}
{"timestamp": "2026-07-23T14:18:38.886937+08:00", "level": "runtime", "action": "project_state_changed", "project_id": "e2e_design", "extra": {"from_state": "CREATED", "to_state": "INITIALIZING"}}
{"timestamp": "2026-07-23T14:18:38.887169+08:00", "level": "runtime", "action": "project_state_changed", "project_id": "e2e_design", "extra": {"from_state": "INITIALIZING", "to_state": "RUNNING"}}
{"timestamp": "2026-07-23T14:18:38.887534+08:00", "level": "runtime", "action": "stage_started", "project_id": "e2e_design", "stage": "INITIALIZATION"}
{"timestamp": "2026-07-23T14:18:38.887614+08:00", "level": "runtime", "action": "stage_internal", "project_id": "e2e_design", "stage": "INITIALIZATION"}
{"timestamp": "2026-07-23T14:18:38.888256+08:00", "level": "runtime", "action": "stage_started", "project_id": "e2e_design", "stage": "INPUT_ANALYSIS"}
{"timestamp": "2026-07-23T14:18:38.888321+08:00", "level": "runtime", "action": "stage_internal", "project_id": "e2e_design", "stage": "INPUT_ANALYSIS"}
{"timestamp": "2026-07-23T14:18:38.888824+08:00", "level": "runtime", "action": "stage_started", "project_id": "e2e_design", "stage": "ORIGINAL_MODEL"}
{"timestamp": "2026-07-23T14:18:38.888980+08:00", "level": "runtime", "action": "parser_started", "project_id": "e2e_design", "agent": "parser", "task_id": "original_model-e2e_design", "extra": {"input": "/Users/shijunteng/Desktop/图纸/InteriorDesignOS/examples/input/sample_json/sample.json"}}
{"timestamp": "2026-07-23T14:18:38.889097+08:00", "level": "runtime", "action": "input_loaded", "project_id": "e2e_design", "agent": "parser", "task_id": "original_model-e2e_design", "extra": {"size": 1134, "mime": "application/json", "hash": "4a1b9feacf11"}}
{"timestamp": "2026-07-23T14:18:38.889150+08:00", "level": "runtime", "action": "input_type", "project_id": "e2e_design", "agent": "parser", "task_id": "original_model-e2e_design", "extra": {"input_type": "TEXT"}}
{"timestamp": "2026-07-23T14:18:38.889291+08:00", "level": "runtime", "action": "schema_validation", "project_id": "e2e_design", "agent": "parser", "task_id": "original_model-e2e_design"}
{"timestamp": "2026-07-23T14:18:38.889937+08:00", "level": "runtime", "action": "schema_validation_ok", "project_id": "e2e_design", "agent": "parser", "task_id": "original_model-e2e_design"}
{"timestamp": "2026-07-23T14:18:38.890164+08:00", "level": "runtime", "action": "workspace_saved", "project_id": "e2e_design", "agent": "parser", "extra": {"path": "/Users/shijunteng/Desktop/图纸/InteriorDesignOS/workspace/projects/e2e_design/original_model.json", "version": "v1"}}
{"timestamp": "2026-07-23T14:18:38.890340+08:00", "level": "runtime", "action": "checkpoint_saved", "project_id": "e2e_design", "agent": "parser", "extra": {"path": "/Users/shijunteng/Desktop/图纸/InteriorDesignOS/workspace/projects/e2e_design/checkpoint_parser_v1.json", "checkpoint": "checkpoint_parser_v1.json"}}
{"timestamp": "2026-07-23T14:18:38.890394+08:00", "level": "runtime", "action": "parser_finished", "project_id": "e2e_design", "agent": "parser", "task_id": "original_model-e2e_design", "extra": {"success": true}}
{"timestamp": "2026-07-23T14:18:38.890449+08:00", "level": "runtime", "action": "checkpoint_skip", "project_id": "e2e_design", "stage": "ORIGINAL_MODEL", "extra": {"reason": "no_model_kind"}}
{"timestamp": "2026-07-23T14:18:38.893581+08:00", "level": "runtime", "action": "stage_started", "project_id": "e2e_design", "stage": "DESIGN_SPEC"}
{"timestamp": "2026-07-23T14:18:38.893975+08:00", "level": "runtime", "action": "design_started", "project_id": "e2e_design", "agent": "design", "task_id": "design-e2e_design"}
{"timestamp": "2026-07-23T14:19:27.051083+08:00", "level": "runtime", "action": "design_started", "project_id": "ds_test", "agent": "design", "task_id": "design-ds_test"}
{"timestamp": "2026-07-23T14:21:50.395854+08:00", "level": "runtime", "action": "stage_started", "project_id": "pipe_design", "stage": "DESIGN_SPEC"}
{"timestamp": "2026-07-23T14:21:50.396605+08:00", "level": "runtime", "action": "design_started", "project_id": "pipe_design", "agent": "design", "task_id": "design-pipe_design"}
{"timestamp": "2026-07-23T14:21:50.397610+08:00", "level": "runtime", "action": "schema_validation_ok", "project_id": "pipe_design", "agent": "design", "task_id": "design-pipe_design"}
{"timestamp": "2026-07-23T14:21:50.397857+08:00", "level": "runtime", "action": "workspace_saved", "project_id": "pipe_design", "agent": "design", "extra": {"path": "/Users/shijunteng/Desktop/图纸/InteriorDesignOS/workspace/projects/pipe_design/design_spec.json", "version": "v1"}}
{"timestamp": "2026-07-23T14:21:50.398040+08:00", "level": "runtime", "action": "checkpoint_saved", "project_id": "pipe_design", "agent": "design", "extra": {"path": "/Users/shijunteng/Desktop/图纸/InteriorDesignOS/workspace/projects/pipe_design/checkpoint_design_v1.json", "checkpoint": "checkpoint_design_v1.json"}}
{"timestamp": "2026-07-23T14:21:50.398090+08:00", "level": "runtime", "action": "design_finished", "project_id": "pipe_design", "agent": "design", "task_id": "design-pipe_design", "extra": {"success": true}}
{"timestamp": "2026-07-23T14:21:50.398140+08:00", "level": "runtime", "action": "checkpoint_skip", "project_id": "pipe_design", "stage": "DESIGN_SPEC", "extra": {"reason": "no_model_kind"}}
{"timestamp": "2026-07-23T14:21:50.398410+08:00", "level": "runtime", "action": "stage_terminal", "project_id": "pipe_design", "stage": "DESIGN_SPEC"}
{"timestamp": "2026-07-23T14:21:50.399065+08:00", "level": "runtime", "action": "project_state_changed", "project_id": "pipe_design", "extra": {"from_state": "RUNNING", "to_state": "COMPLETED"}}
{"timestamp": "2026-07-23T14:21:50.414271+08:00", "level": "runtime", "action": "stage_started", "project_id": "direct_design", "stage": "DESIGN_SPEC"}
{"timestamp": "2026-07-23T14:21:50.429456+08:00", "level": "runtime", "action": "design_started", "project_id": "ds_test", "agent": "design", "task_id": "design-ds_test"}
{"timestamp": "2026-07-23T14:21:50.430341+08:00", "level": "runtime", "action": "schema_validation_ok", "project_id": "ds_test", "agent": "design", "task_id": "design-ds_test"}
{"timestamp": "2026-07-23T14:21:50.430406+08:00", "level": "runtime", "action": "design_finished", "project_id": "ds_test", "agent": "design", "task_id": "design-ds_test", "extra": {"success": true}}
{"timestamp": "2026-07-23T14:21:50.502695+08:00", "level": "runtime", "action": "stage_started", "project_id": "e2e_design", "stage": "DESIGN_SPEC"}
{"timestamp": "2026-07-23T14:21:50.502955+08:00", "level": "runtime", "action": "design_started", "project_id": "e2e_design", "agent": "design", "task_id": "design-e2e_design"}
{"timestamp": "2026-07-23T14:21:50.503843+08:00", "level": "runtime", "action": "schema_validation_ok", "project_id": "e2e_design", "agent": "design", "task_id": "design-e2e_design"}
{"timestamp": "2026-07-23T14:21:50.504049+08:00", "level": "runtime", "action": "workspace_saved", "project_id": "e2e_design", "agent": "design", "extra": {"path": "/Users/shijunteng/Desktop/图纸/InteriorDesignOS/workspace/projects/e2e_design/design_spec.json", "version": "v1"}}
{"timestamp": "2026-07-23T14:21:50.504253+08:00", "level": "runtime", "action": "checkpoint_saved", "project_id": "e2e_design", "agent": "design", "extra": {"path": "/Users/shijunteng/Desktop/图纸/InteriorDesignOS/workspace/projects/e2e_design/checkpoint_design_v1.json", "checkpoint": "checkpoint_design_v1.json"}}
{"timestamp": "2026-07-23T14:21:50.504306+08:00", "level": "runtime", "action": "design_finished", "project_id": "e2e_design", "agent": "design", "task_id": "design-e2e_design", "extra": {"success": true}}
{"timestamp": "2026-07-23T14:21:50.504357+08:00", "level": "runtime", "action": "checkpoint_skip", "project_id": "e2e_design", "stage": "DESIGN_SPEC", "extra": {"reason": "no_model_kind"}}
{"timestamp": "2026-07-23T14:21:50.504632+08:00", "level": "runtime", "action": "stage_terminal", "project_id": "e2e_design", "stage": "DESIGN_SPEC"}
{"timestamp": "2026-07-23T14:21:50.505339+08:00", "level": "runtime", "action": "project_state_changed", "project_id": "e2e_design", "extra": {"from_state": "RUNNING", "to_state": "COMPLETED"}}
{"timestamp": "2026-07-23T14:22:44.534254+08:00", "level": "runtime", "action": "project_state_changed", "project_id": "dbg", "extra": {"from_state": "CREATED", "to_state": "INITIALIZING"}}
{"timestamp": "2026-07-23T14:22:44.534740+08:00", "level": "runtime", "action": "project_state_changed", "project_id": "dbg", "extra": {"from_state": "INITIALIZING", "to_state": "RUNNING"}}
{"timestamp": "2026-07-23T14:22:44.535088+08:00", "level": "runtime", "action": "stage_started", "project_id": "dbg", "stage": "INITIALIZATION"}
{"timestamp": "2026-07-23T14:22:44.535135+08:00", "level": "runtime", "action": "stage_internal", "project_id": "dbg", "stage": "INITIALIZATION"}
{"timestamp": "2026-07-23T14:22:44.535665+08:00", "level": "runtime", "action": "stage_started", "project_id": "dbg", "stage": "INPUT_ANALYSIS"}
{"timestamp": "2026-07-23T14:22:44.535709+08:00", "level": "runtime", "action": "stage_internal", "project_id": "dbg", "stage": "INPUT_ANALYSIS"}
{"timestamp": "2026-07-23T14:22:44.536303+08:00", "level": "runtime", "action": "stage_started", "project_id": "dbg", "stage": "ORIGINAL_MODEL"}
{"timestamp": "2026-07-23T14:22:44.536583+08:00", "level": "runtime", "action": "parser_started", "project_id": "dbg", "agent": "parser", "task_id": "original_model-dbg", "extra": {"input": "/Users/shijunteng/Desktop/图纸/InteriorDesignOS/examples/input/sample_json/sample.json"}}
{"timestamp": "2026-07-23T14:22:44.536855+08:00", "level": "runtime", "action": "input_loaded", "project_id": "dbg", "agent": "parser", "task_id": "original_model-dbg", "extra": {"size": 1134, "mime": "application/json", "hash": "4a1b9feacf11"}}
{"timestamp": "2026-07-23T14:22:44.536900+08:00", "level": "runtime", "action": "input_type", "project_id": "dbg", "agent": "parser", "task_id": "original_model-dbg", "extra": {"input_type": "TEXT"}}
{"timestamp": "2026-07-23T14:22:44.537027+08:00", "level": "runtime", "action": "schema_validation", "project_id": "dbg", "agent": "parser", "task_id": "original_model-dbg"}
{"timestamp": "2026-07-23T14:22:44.537651+08:00", "level": "runtime", "action": "schema_validation_ok", "project_id": "dbg", "agent": "parser", "task_id": "original_model-dbg"}
{"timestamp": "2026-07-23T14:22:44.537857+08:00", "level": "runtime", "action": "workspace_saved", "project_id": "dbg", "agent": "parser", "extra": {"path": "/Users/shijunteng/Desktop/图纸/InteriorDesignOS/workspace/projects/dbg/original_model.json", "version": "v1"}}
{"timestamp": "2026-07-23T14:22:44.538021+08:00", "level": "runtime", "action": "checkpoint_saved", "project_id": "dbg", "agent": "parser", "extra": {"path": "/Users/shijunteng/Desktop/图纸/InteriorDesignOS/workspace/projects/dbg/checkpoint_parser_v1.json", "checkpoint": "checkpoint_parser_v1.json"}}
{"timestamp": "2026-07-23T14:22:44.538066+08:00", "level": "runtime", "action": "parser_finished", "project_id": "dbg", "agent": "parser", "task_id": "original_model-dbg", "extra": {"success": true}}
{"timestamp": "2026-07-23T14:22:44.538115+08:00", "level": "runtime", "action": "checkpoint_skip", "project_id": "dbg", "stage": "ORIGINAL_MODEL", "extra": {"reason": "no_model_kind"}}
{"timestamp": "2026-07-23T14:22:44.539093+08:00", "level": "runtime", "action": "stage_started", "project_id": "dbg", "stage": "DESIGN_SPEC"}
{"timestamp": "2026-07-23T14:22:44.539256+08:00", "level": "runtime", "action": "design_started", "project_id": "dbg", "agent": "design", "task_id": "design-dbg"}
{"timestamp": "2026-07-23T14:22:44.539990+08:00", "level": "runtime", "action": "schema_validation_ok", "project_id": "dbg", "agent": "design", "task_id": "design-dbg"}
{"timestamp": "2026-07-23T14:22:44.540186+08:00", "level": "runtime", "action": "workspace_saved", "project_id": "dbg", "agent": "design", "extra": {"path": "/Users/shijunteng/Desktop/图纸/InteriorDesignOS/workspace/projects/dbg/design_spec.json", "version": "v1"}}
{"timestamp": "2026-07-23T14:22:44.540389+08:00", "level": "runtime", "action": "checkpoint_saved", "project_id": "dbg", "agent": "design", "extra": {"path": "/Users/shijunteng/Desktop/图纸/InteriorDesignOS/workspace/projects/dbg/checkpoint_design_v1.json", "checkpoint": "checkpoint_design_v1.json"}}
{"timestamp": "2026-07-23T14:22:44.540625+08:00", "level": "runtime", "action": "design_finished", "project_id": "dbg", "agent": "design", "task_id": "design-dbg", "extra": {"success": true}}
{"timestamp": "2026-07-23T14:22:44.540690+08:00", "level": "runtime", "action": "checkpoint_skip", "project_id": "dbg", "stage": "DESIGN_SPEC", "extra": {"reason": "no_model_kind"}}
{"timestamp": "2026-07-23T14:22:44.540981+08:00", "level": "runtime", "action": "stage_terminal", "project_id": "dbg", "stage": "DESIGN_SPEC"}
{"timestamp": "2026-07-23T14:22:44.541859+08:00", "level": "runtime", "action": "project_state_changed", "project_id": "dbg", "extra": {"from_state": "RUNNING", "to_state": "COMPLETED"}}
{"timestamp": "2026-07-23T14:28:55.756706+08:00", "level": "runtime", "action": "design_started", "project_id": "ds_test", "agent": "design", "task_id": "design-ds_test"}
{"timestamp": "2026-07-23T14:28:55.758362+08:00", "level": "runtime", "action": "schema_validation_ok", "project_id": "ds_test", "agent": "design", "task_id": "design-ds_test"}
{"timestamp": "2026-07-23T14:28:55.758836+08:00", "level": "runtime", "action": "design_finished", "project_id": "ds_test", "agent": "design", "task_id": "design-ds_test", "extra": {"success": true}}
{"timestamp": "2026-07-23T14:29:07.114056+08:00", "level": "runtime", "action": "design_started", "project_id": "ds_test", "agent": "design", "task_id": "design-ds_test"}
{"timestamp": "2026-07-23T14:29:07.114946+08:00", "level": "runtime", "action": "schema_validation_ok", "project_id": "ds_test", "agent": "design", "task_id": "design-ds_test"}
{"timestamp": "2026-07-23T14:29:07.115004+08:00", "level": "runtime", "action": "design_finished", "project_id": "ds_test", "agent": "design", "task_id": "design-ds_test", "extra": {"success": true}}
{"timestamp": "2026-07-23T14:29:07.136750+08:00", "level": "runtime", "action": "parser_started", "project_id": "t1", "agent": "parser", "task_id": "parser-t1", "extra": {"input": "/Users/shijunteng/Desktop/图纸/InteriorDesignOS/examples/input/sample_json/sample.json"}}
{"timestamp": "2026-07-23T14:29:07.136864+08:00", "level": "runtime", "action": "input_loaded", "project_id": "t1", "agent": "parser", "task_id": "parser-t1", "extra": {"size": 1134, "mime": "application/json", "hash": "4a1b9feacf11"}}
{"timestamp": "2026-07-23T14:29:07.136915+08:00", "level": "runtime", "action": "input_type", "project_id": "t1", "agent": "parser", "task_id": "parser-t1", "extra": {"input_type": "TEXT"}}
{"timestamp": "2026-07-23T14:29:07.137040+08:00", "level": "runtime", "action": "schema_validation", "project_id": "t1", "agent": "parser", "task_id": "parser-t1"}
{"timestamp": "2026-07-23T14:29:07.137598+08:00", "level": "runtime", "action": "schema_validation_ok", "project_id": "t1", "agent": "parser", "task_id": "parser-t1"}
{"timestamp": "2026-07-23T14:29:07.137956+08:00", "level": "runtime", "action": "workspace_saved", "project_id": "t1", "agent": "parser", "extra": {"path": "/private/var/folders/0g/qs_2dts56wv6c2ctndzz2txm0000gn/T/pytest-of-shijunteng/pytest-8/test_run_parser_success_saves_0/ws/projects/t1/original_model.json", "version": "v1"}}
{"timestamp": "2026-07-23T14:29:07.138128+08:00", "level": "runtime", "action": "checkpoint_saved", "project_id": "t1", "agent": "parser", "extra": {"path": "/private/var/folders/0g/qs_2dts56wv6c2ctndzz2txm0000gn/T/pytest-of-shijunteng/pytest-8/test_run_parser_success_saves_0/ws/projects/t1/checkpoint_parser_v1.json", "checkpoint": "checkpoint_parser_v1.json"}}
{"timestamp": "2026-07-23T14:29:07.138175+08:00", "level": "runtime", "action": "parser_finished", "project_id": "t1", "agent": "parser", "task_id": "parser-t1", "extra": {"success": true}}
{"timestamp": "2026-07-23T14:29:07.139338+08:00", "level": "runtime", "action": "parser_started", "project_id": "img1", "agent": "parser", "task_id": "parser-img1", "extra": {"input": "/Users/shijunteng/Desktop/图纸/InteriorDesignOS/examples/input/sample_image/sample.png"}}
{"timestamp": "2026-07-23T14:29:07.139558+08:00", "level": "runtime", "action": "input_loaded", "project_id": "img1", "agent": "parser", "task_id": "parser-img1", "extra": {"size": 69, "mime": "image/png", "hash": "ae4055a4c637"}}
{"timestamp": "2026-07-23T14:29:07.139616+08:00", "level": "runtime", "action": "input_type", "project_id": "img1", "agent": "parser", "task_id": "parser-img1", "extra": {"input_type": "IMAGE"}}
{"timestamp": "2026-07-23T14:29:07.139715+08:00", "level": "runtime", "action": "schema_validation", "project_id": "img1", "agent": "parser", "task_id": "parser-img1"}
{"timestamp": "2026-07-23T14:29:07.140008+08:00", "level": "runtime", "action": "schema_validation_ok", "project_id": "img1", "agent": "parser", "task_id": "parser-img1"}
{"timestamp": "2026-07-23T14:29:07.140355+08:00", "level": "runtime", "action": "workspace_saved", "project_id": "img1", "agent": "parser", "extra": {"path": "/private/var/folders/0g/qs_2dts56wv6c2ctndzz2txm0000gn/T/pytest-of-shijunteng/pytest-8/test_run_parser_image_empty_ge0/ws/projects/img1/original_model.json", "version": "v1"}}
{"timestamp": "2026-07-23T14:29:07.140512+08:00", "level": "runtime", "action": "checkpoint_saved", "project_id": "img1", "agent": "parser", "extra": {"path": "/private/var/folders/0g/qs_2dts56wv6c2ctndzz2txm0000gn/T/pytest-of-shijunteng/pytest-8/test_run_parser_image_empty_ge0/ws/projects/img1/checkpoint_parser_v1.json", "checkpoint": "checkpoint_parser_v1.json"}}
{"timestamp": "2026-07-23T14:29:07.140559+08:00", "level": "runtime", "action": "parser_finished", "project_id": "img1", "agent": "parser", "task_id": "parser-img1", "extra": {"success": true}}
{"timestamp": "2026-07-23T14:29:07.141567+08:00", "level": "runtime", "action": "parser_started", "project_id": "pdf1", "agent": "parser", "task_id": "parser-pdf1", "extra": {"input": "/Users/shijunteng/Desktop/图纸/InteriorDesignOS/examples/input/sample_pdf/sample.pdf"}}
{"timestamp": "2026-07-23T14:29:07.141820+08:00", "level": "runtime", "action": "input_loaded", "project_id": "pdf1", "agent": "parser", "task_id": "parser-pdf1", "extra": {"size": 193, "mime": "application/pdf", "hash": "e5a636ac00ea"}}
{"timestamp": "2026-07-23T14:29:07.141900+08:00", "level": "runtime", "action": "input_type", "project_id": "pdf1", "agent": "parser", "task_id": "parser-pdf1", "extra": {"input_type": "PDF"}}
{"timestamp": "2026-07-23T14:29:07.142731+08:00", "level": "runtime", "action": "schema_validation", "project_id": "pdf1", "agent": "parser", "task_id": "parser-pdf1"}
{"timestamp": "2026-07-23T14:29:07.143509+08:00", "level": "runtime", "action": "schema_validation_ok", "project_id": "pdf1", "agent": "parser", "task_id": "parser-pdf1"}
{"timestamp": "2026-07-23T14:29:07.144128+08:00", "level": "runtime", "action": "workspace_saved", "project_id": "pdf1", "agent": "parser", "extra": {"path": "/private/var/folders/0g/qs_2dts56wv6c2ctndzz2txm0000gn/T/pytest-of-shijunteng/pytest-8/test_run_parser_pdf_empty_geom0/ws/projects/pdf1/original_model.json", "version": "v1"}}
{"timestamp": "2026-07-23T14:29:07.144341+08:00", "level": "runtime", "action": "checkpoint_saved", "project_id": "pdf1", "agent": "parser", "extra": {"path": "/private/var/folders/0g/qs_2dts56wv6c2ctndzz2txm0000gn/T/pytest-of-shijunteng/pytest-8/test_run_parser_pdf_empty_geom0/ws/projects/pdf1/checkpoint_parser_v1.json", "checkpoint": "checkpoint_parser_v1.json"}}
{"timestamp": "2026-07-23T14:29:07.144403+08:00", "level": "runtime", "action": "parser_finished", "project_id": "pdf1", "agent": "parser", "task_id": "parser-pdf1", "extra": {"success": true}}
{"timestamp": "2026-07-23T14:29:07.145382+08:00", "level": "runtime", "action": "parser_started", "project_id": "x", "agent": "parser", "task_id": "parser-x", "extra": {"input": "/Users/shijunteng/Desktop/图纸/InteriorDesignOS/examples/input/does_not_exist.dwg"}}
{"timestamp": "2026-07-23T14:29:07.146106+08:00", "level": "runtime", "action": "parser_started", "project_id": "empty1", "agent": "parser", "task_id": "parser-empty1", "extra": {"input": "/Users/shijunteng/Desktop/图纸/InteriorDesignOS/examples/input/empty_project/empty.txt"}}
{"timestamp": "2026-07-23T14:29:07.146263+08:00", "level": "runtime", "action": "input_loaded", "project_id": "empty1", "agent": "parser", "task_id": "parser-empty1", "extra": {"size": 0, "mime": "text/plain", "hash": "e3b0c44298fc"}}
{"timestamp": "2026-07-23T14:29:07.146317+08:00", "level": "runtime", "action": "input_type", "project_id": "empty1", "agent": "parser", "task_id": "parser-empty1", "extra": {"input_type": "TEXT"}}
{"timestamp": "2026-07-23T14:29:07.146424+08:00", "level": "runtime", "action": "schema_validation", "project_id": "empty1", "agent": "parser", "task_id": "parser-empty1"}
{"timestamp": "2026-07-23T14:29:07.146771+08:00", "level": "runtime", "action": "schema_validation_ok", "project_id": "empty1", "agent": "parser", "task_id": "parser-empty1"}
{"timestamp": "2026-07-23T14:29:07.147132+08:00", "level": "runtime", "action": "workspace_saved", "project_id": "empty1", "agent": "parser", "extra": {"path": "/private/var/folders/0g/qs_2dts56wv6c2ctndzz2txm0000gn/T/pytest-of-shijunteng/pytest-8/test_run_parser_empty_input0/ws/projects/empty1/original_model.json", "version": "v1"}}
{"timestamp": "2026-07-23T14:29:07.147294+08:00", "level": "runtime", "action": "checkpoint_saved", "project_id": "empty1", "agent": "parser", "extra": {"path": "/private/var/folders/0g/qs_2dts56wv6c2ctndzz2txm0000gn/T/pytest-of-shijunteng/pytest-8/test_run_parser_empty_input0/ws/projects/empty1/checkpoint_parser_v1.json", "checkpoint": "checkpoint_parser_v1.json"}}
{"timestamp": "2026-07-23T14:29:07.147338+08:00", "level": "runtime", "action": "parser_finished", "project_id": "empty1", "agent": "parser", "task_id": "parser-empty1", "extra": {"success": true}}
{"timestamp": "2026-07-23T14:29:31.027828+08:00", "level": "runtime", "action": "project_state_changed", "project_id": "cli_run", "extra": {"from_state": "CREATED", "to_state": "INITIALIZING"}}
{"timestamp": "2026-07-23T14:29:31.028238+08:00", "level": "runtime", "action": "project_state_changed", "project_id": "cli_run", "extra": {"from_state": "INITIALIZING", "to_state": "RUNNING"}}
{"timestamp": "2026-07-23T14:29:31.028881+08:00", "level": "runtime", "action": "stage_started", "project_id": "cli_run", "stage": "INITIALIZATION"}
{"timestamp": "2026-07-23T14:29:31.028931+08:00", "level": "runtime", "action": "stage_internal", "project_id": "cli_run", "stage": "INITIALIZATION"}
{"timestamp": "2026-07-23T14:29:31.029379+08:00", "level": "runtime", "action": "stage_started", "project_id": "cli_run", "stage": "INPUT_ANALYSIS"}
{"timestamp": "2026-07-23T14:29:31.029424+08:00", "level": "runtime", "action": "stage_internal", "project_id": "cli_run", "stage": "INPUT_ANALYSIS"}
{"timestamp": "2026-07-23T14:29:31.029883+08:00", "level": "runtime", "action": "stage_started", "project_id": "cli_run", "stage": "ORIGINAL_MODEL"}
{"timestamp": "2026-07-23T14:29:31.030160+08:00", "level": "runtime", "action": "parser_started", "project_id": "cli_run", "agent": "parser", "task_id": "original_model-cli_run", "extra": {"input": "examples/input/sample_json/sample.json"}}
{"timestamp": "2026-07-23T14:29:31.030449+08:00", "level": "runtime", "action": "input_loaded", "project_id": "cli_run", "agent": "parser", "task_id": "original_model-cli_run", "extra": {"size": 1134, "mime": "application/json", "hash": "4a1b9feacf11"}}
{"timestamp": "2026-07-23T14:29:31.031323+08:00", "level": "runtime", "action": "input_type", "project_id": "cli_run", "agent": "parser", "task_id": "original_model-cli_run", "extra": {"input_type": "TEXT"}}
{"timestamp": "2026-07-23T14:29:31.033775+08:00", "level": "runtime", "action": "schema_validation", "project_id": "cli_run", "agent": "parser", "task_id": "original_model-cli_run"}
{"timestamp": "2026-07-23T14:29:31.034698+08:00", "level": "runtime", "action": "schema_validation_ok", "project_id": "cli_run", "agent": "parser", "task_id": "original_model-cli_run"}
{"timestamp": "2026-07-23T14:29:31.035020+08:00", "level": "runtime", "action": "workspace_saved", "project_id": "cli_run", "agent": "parser", "extra": {"path": "/Users/shijunteng/Desktop/图纸/InteriorDesignOS/workspace/projects/cli_run/original_model.json", "version": "v1"}}
{"timestamp": "2026-07-23T14:29:31.035251+08:00", "level": "runtime", "action": "checkpoint_saved", "project_id": "cli_run", "agent": "parser", "extra": {"path": "/Users/shijunteng/Desktop/图纸/InteriorDesignOS/workspace/projects/cli_run/checkpoint_parser_v1.json", "checkpoint": "checkpoint_parser_v1.json"}}
{"timestamp": "2026-07-23T14:29:31.035335+08:00", "level": "runtime", "action": "parser_finished", "project_id": "cli_run", "agent": "parser", "task_id": "original_model-cli_run", "extra": {"success": true}}
{"timestamp": "2026-07-23T14:29:31.035400+08:00", "level": "runtime", "action": "checkpoint_skip", "project_id": "cli_run", "stage": "ORIGINAL_MODEL", "extra": {"reason": "no_model_kind"}}
{"timestamp": "2026-07-23T14:29:31.036592+08:00", "level": "runtime", "action": "stage_started", "project_id": "cli_run", "stage": "DESIGN_SPEC"}
{"timestamp": "2026-07-23T14:29:31.036796+08:00", "level": "runtime", "action": "design_started", "project_id": "cli_run", "agent": "design", "task_id": "design-cli_run"}
{"timestamp": "2026-07-23T14:29:31.037679+08:00", "level": "runtime", "action": "schema_validation_ok", "project_id": "cli_run", "agent": "design", "task_id": "design-cli_run"}
{"timestamp": "2026-07-23T14:29:31.037953+08:00", "level": "runtime", "action": "workspace_saved", "project_id": "cli_run", "agent": "design", "extra": {"path": "/Users/shijunteng/Desktop/图纸/InteriorDesignOS/workspace/projects/cli_run/design_spec.json", "version": "v1"}}
{"timestamp": "2026-07-23T14:29:31.038137+08:00", "level": "runtime", "action": "checkpoint_saved", "project_id": "cli_run", "agent": "design", "extra": {"path": "/Users/shijunteng/Desktop/图纸/InteriorDesignOS/workspace/projects/cli_run/checkpoint_design_v1.json", "checkpoint": "checkpoint_design_v1.json"}}
{"timestamp": "2026-07-23T14:29:31.038189+08:00", "level": "runtime", "action": "design_finished", "project_id": "cli_run", "agent": "design", "task_id": "design-cli_run", "extra": {"success": true}}
{"timestamp": "2026-07-23T14:29:31.038243+08:00", "level": "runtime", "action": "checkpoint_skip", "project_id": "cli_run", "stage": "DESIGN_SPEC", "extra": {"reason": "no_model_kind"}}
{"timestamp": "2026-07-23T14:29:31.038530+08:00", "level": "runtime", "action": "stage_terminal", "project_id": "cli_run", "stage": "DESIGN_SPEC"}
{"timestamp": "2026-07-23T14:29:31.039495+08:00", "level": "runtime", "action": "project_state_changed", "project_id": "cli_run", "extra": {"from_state": "RUNNING", "to_state": "COMPLETED"}}
{"timestamp": "2026-07-23T14:29:31.406009+08:00", "level": "runtime", "action": "project_state_changed", "project_id": "cli_design", "extra": {"from_state": "CREATED", "to_state": "INITIALIZING"}}
{"timestamp": "2026-07-23T14:29:31.406227+08:00", "level": "runtime", "action": "project_state_changed", "project_id": "cli_design", "extra": {"from_state": "INITIALIZING", "to_state": "RUNNING"}}
{"timestamp": "2026-07-23T14:29:31.406899+08:00", "level": "runtime", "action": "stage_started", "project_id": "cli_design", "stage": "DESIGN_SPEC"}
{"timestamp": "2026-07-23T14:29:31.407112+08:00", "level": "runtime", "action": "design_started", "project_id": "cli_design", "agent": "design", "task_id": "design-cli_design"}
{"timestamp": "2026-07-23T14:29:31.407932+08:00", "level": "runtime", "action": "schema_validation_ok", "project_id": "cli_design", "agent": "design", "task_id": "design-cli_design"}
{"timestamp": "2026-07-23T14:29:31.408143+08:00", "level": "runtime", "action": "workspace_saved", "project_id": "cli_design", "agent": "design", "extra": {"path": "/Users/shijunteng/Desktop/图纸/InteriorDesignOS/workspace/projects/cli_design/design_spec.json", "version": "v1"}}
{"timestamp": "2026-07-23T14:29:31.408318+08:00", "level": "runtime", "action": "checkpoint_saved", "project_id": "cli_design", "agent": "design", "extra": {"path": "/Users/shijunteng/Desktop/图纸/InteriorDesignOS/workspace/projects/cli_design/checkpoint_design_v1.json", "checkpoint": "checkpoint_design_v1.json"}}
{"timestamp": "2026-07-23T14:29:31.408382+08:00", "level": "runtime", "action": "design_finished", "project_id": "cli_design", "agent": "design", "task_id": "design-cli_design", "extra": {"success": true}}
{"timestamp": "2026-07-23T14:29:31.408435+08:00", "level": "runtime", "action": "checkpoint_skip", "project_id": "cli_design", "stage": "DESIGN_SPEC", "extra": {"reason": "no_model_kind"}}
{"timestamp": "2026-07-23T14:29:31.411805+08:00", "level": "runtime", "action": "stage_terminal", "project_id": "cli_design", "stage": "DESIGN_SPEC"}
{"timestamp": "2026-07-23T14:29:31.412730+08:00", "level": "runtime", "action": "project_state_changed", "project_id": "cli_design", "extra": {"from_state": "RUNNING", "to_state": "COMPLETED"}}
{"timestamp": "2026-07-23T14:39:30.140788+08:00", "level": "runtime", "action": "design_started", "project_id": "ds_test", "agent": "design", "task_id": "design-ds_test"}
{"timestamp": "2026-07-23T14:39:30.141643+08:00", "level": "runtime", "action": "schema_validation_ok", "project_id": "ds_test", "agent": "design", "task_id": "design-ds_test"}
{"timestamp": "2026-07-23T14:39:30.141714+08:00", "level": "runtime", "action": "design_finished", "project_id": "ds_test", "agent": "design", "task_id": "design-ds_test", "extra": {"success": true}}
{"timestamp": "2026-07-23T14:39:30.169394+08:00", "level": "runtime", "action": "parser_started", "project_id": "t1", "agent": "parser", "task_id": "parser-t1", "extra": {"input": "/Users/shijunteng/Desktop/图纸/InteriorDesignOS/examples/input/sample_json/sample.json"}}
{"timestamp": "2026-07-23T14:39:30.169586+08:00", "level": "runtime", "action": "input_loaded", "project_id": "t1", "agent": "parser", "task_id": "parser-t1", "extra": {"size": 1134, "mime": "application/json", "hash": "4a1b9feacf11"}}
{"timestamp": "2026-07-23T14:39:30.169651+08:00", "level": "runtime", "action": "input_type", "project_id": "t1", "agent": "parser", "task_id": "parser-t1", "extra": {"input_type": "TEXT"}}
{"timestamp": "2026-07-23T14:39:30.169792+08:00", "level": "runtime", "action": "schema_validation", "project_id": "t1", "agent": "parser", "task_id": "parser-t1"}
{"timestamp": "2026-07-23T14:39:30.170404+08:00", "level": "runtime", "action": "schema_validation_ok", "project_id": "t1", "agent": "parser", "task_id": "parser-t1"}
{"timestamp": "2026-07-23T14:39:30.170818+08:00", "level": "runtime", "action": "workspace_saved", "project_id": "t1", "agent": "parser", "extra": {"path": "/private/var/folders/0g/qs_2dts56wv6c2ctndzz2txm0000gn/T/pytest-of-shijunteng/pytest-9/test_run_parser_success_saves_0/ws/projects/t1/original_model.json", "version": "v1"}}
{"timestamp": "2026-07-23T14:39:30.171002+08:00", "level": "runtime", "action": "checkpoint_saved", "project_id": "t1", "agent": "parser", "extra": {"path": "/private/var/folders/0g/qs_2dts56wv6c2ctndzz2txm0000gn/T/pytest-of-shijunteng/pytest-9/test_run_parser_success_saves_0/ws/projects/t1/checkpoint_parser_v1.json", "checkpoint": "checkpoint_parser_v1.json"}}
{"timestamp": "2026-07-23T14:39:30.171056+08:00", "level": "runtime", "action": "parser_finished", "project_id": "t1", "agent": "parser", "task_id": "parser-t1", "extra": {"success": true}}
{"timestamp": "2026-07-23T14:39:30.172428+08:00", "level": "runtime", "action": "parser_started", "project_id": "img1", "agent": "parser", "task_id": "parser-img1", "extra": {"input": "/Users/shijunteng/Desktop/图纸/InteriorDesignOS/examples/input/sample_image/sample.png"}}
{"timestamp": "2026-07-23T14:39:30.172702+08:00", "level": "runtime", "action": "input_loaded", "project_id": "img1", "agent": "parser", "task_id": "parser-img1", "extra": {"size": 69, "mime": "image/png", "hash": "ae4055a4c637"}}
{"timestamp": "2026-07-23T14:39:30.172760+08:00", "level": "runtime", "action": "input_type", "project_id": "img1", "agent": "parser", "task_id": "parser-img1", "extra": {"input_type": "IMAGE"}}
{"timestamp": "2026-07-23T14:39:30.172868+08:00", "level": "runtime", "action": "schema_validation", "project_id": "img1", "agent": "parser", "task_id": "parser-img1"}
{"timestamp": "2026-07-23T14:39:30.173189+08:00", "level": "runtime", "action": "schema_validation_ok", "project_id": "img1", "agent": "parser", "task_id": "parser-img1"}
{"timestamp": "2026-07-23T14:39:30.173559+08:00", "level": "runtime", "action": "workspace_saved", "project_id": "img1", "agent": "parser", "extra": {"path": "/private/var/folders/0g/qs_2dts56wv6c2ctndzz2txm0000gn/T/pytest-of-shijunteng/pytest-9/test_run_parser_image_empty_ge0/ws/projects/img1/original_model.json", "version": "v1"}}
{"timestamp": "2026-07-23T14:39:30.173745+08:00", "level": "runtime", "action": "checkpoint_saved", "project_id": "img1", "agent": "parser", "extra": {"path": "/private/var/folders/0g/qs_2dts56wv6c2ctndzz2txm0000gn/T/pytest-of-shijunteng/pytest-9/test_run_parser_image_empty_ge0/ws/projects/img1/checkpoint_parser_v1.json", "checkpoint": "checkpoint_parser_v1.json"}}
{"timestamp": "2026-07-23T14:39:30.173807+08:00", "level": "runtime", "action": "parser_finished", "project_id": "img1", "agent": "parser", "task_id": "parser-img1", "extra": {"success": true}}
{"timestamp": "2026-07-23T14:39:30.174937+08:00", "level": "runtime", "action": "parser_started", "project_id": "pdf1", "agent": "parser", "task_id": "parser-pdf1", "extra": {"input": "/Users/shijunteng/Desktop/图纸/InteriorDesignOS/examples/input/sample_pdf/sample.pdf"}}
{"timestamp": "2026-07-23T14:39:30.175223+08:00", "level": "runtime", "action": "input_loaded", "project_id": "pdf1", "agent": "parser", "task_id": "parser-pdf1", "extra": {"size": 193, "mime": "application/pdf", "hash": "e5a636ac00ea"}}
{"timestamp": "2026-07-23T14:39:30.175349+08:00", "level": "runtime", "action": "input_type", "project_id": "pdf1", "agent": "parser", "task_id": "parser-pdf1", "extra": {"input_type": "PDF"}}
{"timestamp": "2026-07-23T14:39:30.175928+08:00", "level": "runtime", "action": "schema_validation", "project_id": "pdf1", "agent": "parser", "task_id": "parser-pdf1"}
{"timestamp": "2026-07-23T14:39:30.176411+08:00", "level": "runtime", "action": "schema_validation_ok", "project_id": "pdf1", "agent": "parser", "task_id": "parser-pdf1"}
{"timestamp": "2026-07-23T14:39:30.176970+08:00", "level": "runtime", "action": "workspace_saved", "project_id": "pdf1", "agent": "parser", "extra": {"path": "/private/var/folders/0g/qs_2dts56wv6c2ctndzz2txm0000gn/T/pytest-of-shijunteng/pytest-9/test_run_parser_pdf_empty_geom0/ws/projects/pdf1/original_model.json", "version": "v1"}}
{"timestamp": "2026-07-23T14:39:30.177251+08:00", "level": "runtime", "action": "checkpoint_saved", "project_id": "pdf1", "agent": "parser", "extra": {"path": "/private/var/folders/0g/qs_2dts56wv6c2ctndzz2txm0000gn/T/pytest-of-shijunteng/pytest-9/test_run_parser_pdf_empty_geom0/ws/projects/pdf1/checkpoint_parser_v1.json", "checkpoint": "checkpoint_parser_v1.json"}}
{"timestamp": "2026-07-23T14:39:30.177350+08:00", "level": "runtime", "action": "parser_finished", "project_id": "pdf1", "agent": "parser", "task_id": "parser-pdf1", "extra": {"success": true}}
{"timestamp": "2026-07-23T14:39:30.178399+08:00", "level": "runtime", "action": "parser_started", "project_id": "x", "agent": "parser", "task_id": "parser-x", "extra": {"input": "/Users/shijunteng/Desktop/图纸/InteriorDesignOS/examples/input/does_not_exist.dwg"}}
{"timestamp": "2026-07-23T14:39:30.179180+08:00", "level": "runtime", "action": "parser_started", "project_id": "empty1", "agent": "parser", "task_id": "parser-empty1", "extra": {"input": "/Users/shijunteng/Desktop/图纸/InteriorDesignOS/examples/input/empty_project/empty.txt"}}
{"timestamp": "2026-07-23T14:39:30.179333+08:00", "level": "runtime", "action": "input_loaded", "project_id": "empty1", "agent": "parser", "task_id": "parser-empty1", "extra": {"size": 0, "mime": "text/plain", "hash": "e3b0c44298fc"}}
{"timestamp": "2026-07-23T14:39:30.179401+08:00", "level": "runtime", "action": "input_type", "project_id": "empty1", "agent": "parser", "task_id": "parser-empty1", "extra": {"input_type": "TEXT"}}
{"timestamp": "2026-07-23T14:39:30.179567+08:00", "level": "runtime", "action": "schema_validation", "project_id": "empty1", "agent": "parser", "task_id": "parser-empty1"}
{"timestamp": "2026-07-23T14:39:30.179916+08:00", "level": "runtime", "action": "schema_validation_ok", "project_id": "empty1", "agent": "parser", "task_id": "parser-empty1"}
{"timestamp": "2026-07-23T14:39:30.180278+08:00", "level": "runtime", "action": "workspace_saved", "project_id": "empty1", "agent": "parser", "extra": {"path": "/private/var/folders/0g/qs_2dts56wv6c2ctndzz2txm0000gn/T/pytest-of-shijunteng/pytest-9/test_run_parser_empty_input0/ws/projects/empty1/original_model.json", "version": "v1"}}
{"timestamp": "2026-07-23T14:39:30.180448+08:00", "level": "runtime", "action": "checkpoint_saved", "project_id": "empty1", "agent": "parser", "extra": {"path": "/private/var/folders/0g/qs_2dts56wv6c2ctndzz2txm0000gn/T/pytest-of-shijunteng/pytest-9/test_run_parser_empty_input0/ws/projects/empty1/checkpoint_parser_v1.json", "checkpoint": "checkpoint_parser_v1.json"}}
{"timestamp": "2026-07-23T14:39:30.180493+08:00", "level": "runtime", "action": "parser_finished", "project_id": "empty1", "agent": "parser", "task_id": "parser-empty1", "extra": {"success": true}}
{"timestamp": "2026-07-23T16:34:29.975851+08:00", "level": "runtime", "action": "professional_model_generated", "project_id": "p1", "agent": "electrical", "task_id": "professional-electrical-p1", "extra": {"objects": 26}}
{"timestamp": "2026-07-23T16:34:29.978224+08:00", "level": "runtime", "action": "professional_model_exported", "project_id": "p1", "agent": "electrical", "extra": {"path": "/var/folders/0g/qs_2dts56wv6c2ctndzz2txm0000gn/T/tmpttmi3200/workspace/projects/p1/professional/electrical_model.json"}}
{"timestamp": "2026-07-23T16:34:29.999163+08:00", "level": "runtime", "action": "professional_model_generated", "project_id": "p8", "agent": "electrical", "task_id": "professional-electrical-p8", "extra": {"objects": 26}}
{"timestamp": "2026-07-23T16:34:29.999704+08:00", "level": "runtime", "action": "professional_model_exported", "project_id": "p8", "agent": "electrical", "extra": {"path": "/var/folders/0g/qs_2dts56wv6c2ctndzz2txm0000gn/T/tmpjmehd10a/workspace/projects/p8/professional/electrical_model.json"}}
{"timestamp": "2026-07-23T16:34:30.000803+08:00", "level": "runtime", "action": "professional_model_generated", "project_id": "p8", "agent": "plumbing", "task_id": "professional-plumbing-p8", "extra": {"objects": 6}}
{"timestamp": "2026-07-23T16:34:30.001104+08:00", "level": "runtime", "action": "professional_model_exported", "project_id": "p8", "agent": "plumbing", "extra": {"path": "/var/folders/0g/qs_2dts56wv6c2ctndzz2txm0000gn/T/tmpjmehd10a/workspace/projects/p8/professional/plumbing_model.json"}}
{"timestamp": "2026-07-23T16:34:30.003462+08:00", "level": "runtime", "action": "professional_model_generated", "project_id": "p8", "agent": "lighting", "task_id": "professional-lighting-p8", "extra": {"objects": 15}}
{"timestamp": "2026-07-23T16:34:30.006527+08:00", "level": "runtime", "action": "professional_model_exported", "project_id": "p8", "agent": "lighting", "extra": {"path": "/var/folders/0g/qs_2dts56wv6c2ctndzz2txm0000gn/T/tmpjmehd10a/workspace/projects/p8/professional/lighting_model.json"}}
{"timestamp": "2026-07-23T16:34:30.009981+08:00", "level": "runtime", "action": "professional_model_generated", "project_id": "p8", "agent": "ceiling", "task_id": "professional-ceiling-p8", "extra": {"objects": 11}}
{"timestamp": "2026-07-23T16:34:30.012602+08:00", "level": "runtime", "action": "professional_model_exported", "project_id": "p8", "agent": "ceiling", "extra": {"path": "/var/folders/0g/qs_2dts56wv6c2ctndzz2txm0000gn/T/tmpjmehd10a/workspace/projects/p8/professional/ceiling_model.json"}}
{"timestamp": "2026-07-23T16:34:30.015462+08:00", "level": "runtime", "action": "professional_model_generated", "project_id": "p8", "agent": "flooring", "task_id": "professional-flooring-p8", "extra": {"objects": 12}}
{"timestamp": "2026-07-23T16:34:30.017436+08:00", "level": "runtime", "action": "professional_model_exported", "project_id": "p8", "agent": "flooring", "extra": {"path": "/var/folders/0g/qs_2dts56wv6c2ctndzz2txm0000gn/T/tmpjmehd10a/workspace/projects/p8/professional/flooring_model.json"}}
{"timestamp": "2026-07-23T16:34:30.018468+08:00", "level": "runtime", "action": "professional_model_generated", "project_id": "p8", "agent": "hvac", "task_id": "professional-hvac-p8", "extra": {"objects": 11}}
{"timestamp": "2026-07-23T16:34:30.020290+08:00", "level": "runtime", "action": "professional_model_exported", "project_id": "p8", "agent": "hvac", "extra": {"path": "/var/folders/0g/qs_2dts56wv6c2ctndzz2txm0000gn/T/tmpjmehd10a/workspace/projects/p8/professional/hvac_model.json"}}
{"timestamp": "2026-07-23T16:34:30.023258+08:00", "level": "runtime", "action": "professional_model_generated", "project_id": "p8", "agent": "construction", "task_id": "professional-construction-p8", "extra": {"objects": 7}}
{"timestamp": "2026-07-23T16:34:30.024412+08:00", "level": "runtime", "action": "professional_model_exported", "project_id": "p8", "agent": "construction", "extra": {"path": "/var/folders/0g/qs_2dts56wv6c2ctndzz2txm0000gn/T/tmpjmehd10a/workspace/projects/p8/professional/construction_model.json"}}
{"timestamp": "2026-07-23T16:34:30.026481+08:00", "level": "runtime", "action": "professional_model_generated", "project_id": "p8", "agent": "furniture", "task_id": "professional-furniture-p8", "extra": {"objects": 12}}
{"timestamp": "2026-07-23T16:34:30.026929+08:00", "level": "runtime", "action": "professional_model_exported", "project_id": "p8", "agent": "furniture", "extra": {"path": "/var/folders/0g/qs_2dts56wv6c2ctndzz2txm0000gn/T/tmpjmehd10a/workspace/projects/p8/professional/furniture_model.json"}}
{"timestamp": "2026-07-23T16:34:30.030795+08:00", "level": "runtime", "action": "professional_model_generated", "project_id": "ro", "agent": "electrical", "task_id": "professional-electrical-ro", "extra": {"objects": 26}}
{"timestamp": "2026-07-23T16:34:30.032190+08:00", "level": "runtime", "action": "professional_model_exported", "project_id": "ro", "agent": "electrical", "extra": {"path": "/var/folders/0g/qs_2dts56wv6c2ctndzz2txm0000gn/T/tmptaw48hb4/workspace/projects/ro/professional/electrical_model.json"}}
{"timestamp": "2026-07-23T16:34:30.033968+08:00", "level": "runtime", "action": "professional_model_generated", "project_id": "ro", "agent": "plumbing", "task_id": "professional-plumbing-ro", "extra": {"objects": 6}}
{"timestamp": "2026-07-23T16:34:30.034432+08:00", "level": "runtime", "action": "professional_model_exported", "project_id": "ro", "agent": "plumbing", "extra": {"path": "/var/folders/0g/qs_2dts56wv6c2ctndzz2txm0000gn/T/tmptaw48hb4/workspace/projects/ro/professional/plumbing_model.json"}}
{"timestamp": "2026-07-23T16:34:30.035755+08:00", "level": "runtime", "action": "professional_model_generated", "project_id": "ro", "agent": "lighting", "task_id": "professional-lighting-ro", "extra": {"objects": 15}}
{"timestamp": "2026-07-23T16:34:30.037230+08:00", "level": "runtime", "action": "professional_model_exported", "project_id": "ro", "agent": "lighting", "extra": {"path": "/var/folders/0g/qs_2dts56wv6c2ctndzz2txm0000gn/T/tmptaw48hb4/workspace/projects/ro/professional/lighting_model.json"}}
{"timestamp": "2026-07-23T16:34:30.039767+08:00", "level": "runtime", "action": "professional_model_generated", "project_id": "ro", "agent": "ceiling", "task_id": "professional-ceiling-ro", "extra": {"objects": 11}}
{"timestamp": "2026-07-23T16:34:30.040969+08:00", "level": "runtime", "action": "professional_model_exported", "project_id": "ro", "agent": "ceiling", "extra": {"path": "/var/folders/0g/qs_2dts56wv6c2ctndzz2txm0000gn/T/tmptaw48hb4/workspace/projects/ro/professional/ceiling_model.json"}}
{"timestamp": "2026-07-23T16:34:30.043382+08:00", "level": "runtime", "action": "professional_model_generated", "project_id": "ro", "agent": "flooring", "task_id": "professional-flooring-ro", "extra": {"objects": 12}}
{"timestamp": "2026-07-23T16:34:30.043906+08:00", "level": "runtime", "action": "professional_model_exported", "project_id": "ro", "agent": "flooring", "extra": {"path": "/var/folders/0g/qs_2dts56wv6c2ctndzz2txm0000gn/T/tmptaw48hb4/workspace/projects/ro/professional/flooring_model.json"}}
{"timestamp": "2026-07-23T16:34:30.044883+08:00", "level": "runtime", "action": "professional_model_generated", "project_id": "ro", "agent": "hvac", "task_id": "professional-hvac-ro", "extra": {"objects": 11}}
{"timestamp": "2026-07-23T16:34:30.045281+08:00", "level": "runtime", "action": "professional_model_exported", "project_id": "ro", "agent": "hvac", "extra": {"path": "/var/folders/0g/qs_2dts56wv6c2ctndzz2txm0000gn/T/tmptaw48hb4/workspace/projects/ro/professional/hvac_model.json"}}
{"timestamp": "2026-07-23T16:34:30.047298+08:00", "level": "runtime", "action": "professional_model_generated", "project_id": "ro", "agent": "construction", "task_id": "professional-construction-ro", "extra": {"objects": 7}}
{"timestamp": "2026-07-23T16:34:30.050037+08:00", "level": "runtime", "action": "professional_model_exported", "project_id": "ro", "agent": "construction", "extra": {"path": "/var/folders/0g/qs_2dts56wv6c2ctndzz2txm0000gn/T/tmptaw48hb4/workspace/projects/ro/professional/construction_model.json"}}
{"timestamp": "2026-07-23T16:34:30.051266+08:00", "level": "runtime", "action": "professional_model_generated", "project_id": "ro", "agent": "furniture", "task_id": "professional-furniture-ro", "extra": {"objects": 12}}
{"timestamp": "2026-07-23T16:34:30.051784+08:00", "level": "runtime", "action": "professional_model_exported", "project_id": "ro", "agent": "furniture", "extra": {"path": "/var/folders/0g/qs_2dts56wv6c2ctndzz2txm0000gn/T/tmptaw48hb4/workspace/projects/ro/professional/furniture_model.json"}}
{"timestamp": "2026-07-23T16:34:40.518314+08:00", "level": "runtime", "action": "design_started", "project_id": "ds_test", "agent": "design", "task_id": "design-ds_test"}
{"timestamp": "2026-07-23T16:34:40.519016+08:00", "level": "runtime", "action": "schema_validation_ok", "project_id": "ds_test", "agent": "design", "task_id": "design-ds_test"}
{"timestamp": "2026-07-23T16:34:40.519078+08:00", "level": "runtime", "action": "design_finished", "project_id": "ds_test", "agent": "design", "task_id": "design-ds_test", "extra": {"success": true}}
{"timestamp": "2026-07-23T16:34:40.546906+08:00", "level": "runtime", "action": "parser_started", "project_id": "t1", "agent": "parser", "task_id": "parser-t1", "extra": {"input": "/Users/shijunteng/Desktop/图纸/InteriorDesignOS/examples/input/sample_json/sample.json"}}
{"timestamp": "2026-07-23T16:34:40.547089+08:00", "level": "runtime", "action": "input_loaded", "project_id": "t1", "agent": "parser", "task_id": "parser-t1", "extra": {"size": 1134, "mime": "application/json", "hash": "4a1b9feacf11"}}
{"timestamp": "2026-07-23T16:34:40.547151+08:00", "level": "runtime", "action": "input_type", "project_id": "t1", "agent": "parser", "task_id": "parser-t1", "extra": {"input_type": "TEXT"}}
{"timestamp": "2026-07-23T16:34:40.547296+08:00", "level": "runtime", "action": "schema_validation", "project_id": "t1", "agent": "parser", "task_id": "parser-t1"}
{"timestamp": "2026-07-23T16:34:40.547927+08:00", "level": "runtime", "action": "schema_validation_ok", "project_id": "t1", "agent": "parser", "task_id": "parser-t1"}
{"timestamp": "2026-07-23T16:34:40.548309+08:00", "level": "runtime", "action": "workspace_saved", "project_id": "t1", "agent": "parser", "extra": {"path": "/private/var/folders/0g/qs_2dts56wv6c2ctndzz2txm0000gn/T/pytest-of-shijunteng/pytest-10/test_run_parser_success_saves_0/ws/projects/t1/original_model.json", "version": "v1"}}
{"timestamp": "2026-07-23T16:34:40.548486+08:00", "level": "runtime", "action": "checkpoint_saved", "project_id": "t1", "agent": "parser", "extra": {"path": "/private/var/folders/0g/qs_2dts56wv6c2ctndzz2txm0000gn/T/pytest-of-shijunteng/pytest-10/test_run_parser_success_saves_0/ws/projects/t1/checkpoint_parser_v1.json", "checkpoint": "checkpoint_parser_v1.json"}}
{"timestamp": "2026-07-23T16:34:40.548534+08:00", "level": "runtime", "action": "parser_finished", "project_id": "t1", "agent": "parser", "task_id": "parser-t1", "extra": {"success": true}}
{"timestamp": "2026-07-23T16:34:40.549764+08:00", "level": "runtime", "action": "parser_started", "project_id": "img1", "agent": "parser", "task_id": "parser-img1", "extra": {"input": "/Users/shijunteng/Desktop/图纸/InteriorDesignOS/examples/input/sample_image/sample.png"}}
{"timestamp": "2026-07-23T16:34:40.549985+08:00", "level": "runtime", "action": "input_loaded", "project_id": "img1", "agent": "parser", "task_id": "parser-img1", "extra": {"size": 69, "mime": "image/png", "hash": "ae4055a4c637"}}
{"timestamp": "2026-07-23T16:34:40.550052+08:00", "level": "runtime", "action": "input_type", "project_id": "img1", "agent": "parser", "task_id": "parser-img1", "extra": {"input_type": "IMAGE"}}
{"timestamp": "2026-07-23T16:34:40.550158+08:00", "level": "runtime", "action": "schema_validation", "project_id": "img1", "agent": "parser", "task_id": "parser-img1"}
{"timestamp": "2026-07-23T16:34:40.550460+08:00", "level": "runtime", "action": "schema_validation_ok", "project_id": "img1", "agent": "parser", "task_id": "parser-img1"}
{"timestamp": "2026-07-23T16:34:40.550805+08:00", "level": "runtime", "action": "workspace_saved", "project_id": "img1", "agent": "parser", "extra": {"path": "/private/var/folders/0g/qs_2dts56wv6c2ctndzz2txm0000gn/T/pytest-of-shijunteng/pytest-10/test_run_parser_image_empty_ge0/ws/projects/img1/original_model.json", "version": "v1"}}
{"timestamp": "2026-07-23T16:34:40.550964+08:00", "level": "runtime", "action": "checkpoint_saved", "project_id": "img1", "agent": "parser", "extra": {"path": "/private/var/folders/0g/qs_2dts56wv6c2ctndzz2txm0000gn/T/pytest-of-shijunteng/pytest-10/test_run_parser_image_empty_ge0/ws/projects/img1/checkpoint_parser_v1.json", "checkpoint": "checkpoint_parser_v1.json"}}
{"timestamp": "2026-07-23T16:34:40.551012+08:00", "level": "runtime", "action": "parser_finished", "project_id": "img1", "agent": "parser", "task_id": "parser-img1", "extra": {"success": true}}
{"timestamp": "2026-07-23T16:34:40.552061+08:00", "level": "runtime", "action": "parser_started", "project_id": "pdf1", "agent": "parser", "task_id": "parser-pdf1", "extra": {"input": "/Users/shijunteng/Desktop/图纸/InteriorDesignOS/examples/input/sample_pdf/sample.pdf"}}
{"timestamp": "2026-07-23T16:34:40.552337+08:00", "level": "runtime", "action": "input_loaded", "project_id": "pdf1", "agent": "parser", "task_id": "parser-pdf1", "extra": {"size": 193, "mime": "application/pdf", "hash": "e5a636ac00ea"}}
{"timestamp": "2026-07-23T16:34:40.552394+08:00", "level": "runtime", "action": "input_type", "project_id": "pdf1", "agent": "parser", "task_id": "parser-pdf1", "extra": {"input_type": "PDF"}}
{"timestamp": "2026-07-23T16:34:40.552498+08:00", "level": "runtime", "action": "schema_validation", "project_id": "pdf1", "agent": "parser", "task_id": "parser-pdf1"}
{"timestamp": "2026-07-23T16:34:40.553062+08:00", "level": "runtime", "action": "schema_validation_ok", "project_id": "pdf1", "agent": "parser", "task_id": "parser-pdf1"}
{"timestamp": "2026-07-23T16:34:40.554677+08:00", "level": "runtime", "action": "workspace_saved", "project_id": "pdf1", "agent": "parser", "extra": {"path": "/private/var/folders/0g/qs_2dts56wv6c2ctndzz2txm0000gn/T/pytest-of-shijunteng/pytest-10/test_run_parser_pdf_empty_geom0/ws/projects/pdf1/original_model.json", "version": "v1"}}
{"timestamp": "2026-07-23T16:34:40.555095+08:00", "level": "runtime", "action": "checkpoint_saved", "project_id": "pdf1", "agent": "parser", "extra": {"path": "/private/var/folders/0g/qs_2dts56wv6c2ctndzz2txm0000gn/T/pytest-of-shijunteng/pytest-10/test_run_parser_pdf_empty_geom0/ws/projects/pdf1/checkpoint_parser_v1.json", "checkpoint": "checkpoint_parser_v1.json"}}
{"timestamp": "2026-07-23T16:34:40.555174+08:00", "level": "runtime", "action": "parser_finished", "project_id": "pdf1", "agent": "parser", "task_id": "parser-pdf1", "extra": {"success": true}}
{"timestamp": "2026-07-23T16:34:40.556260+08:00", "level": "runtime", "action": "parser_started", "project_id": "x", "agent": "parser", "task_id": "parser-x", "extra": {"input": "/Users/shijunteng/Desktop/图纸/InteriorDesignOS/examples/input/does_not_exist.dwg"}}
{"timestamp": "2026-07-23T16:34:40.557130+08:00", "level": "runtime", "action": "parser_started", "project_id": "empty1", "agent": "parser", "task_id": "parser-empty1", "extra": {"input": "/Users/shijunteng/Desktop/图纸/InteriorDesignOS/examples/input/empty_project/empty.txt"}}
{"timestamp": "2026-07-23T16:34:40.557272+08:00", "level": "runtime", "action": "input_loaded", "project_id": "empty1", "agent": "parser", "task_id": "parser-empty1", "extra": {"size": 0, "mime": "text/plain", "hash": "e3b0c44298fc"}}
{"timestamp": "2026-07-23T16:34:40.557330+08:00", "level": "runtime", "action": "input_type", "project_id": "empty1", "agent": "parser", "task_id": "parser-empty1", "extra": {"input_type": "TEXT"}}
{"timestamp": "2026-07-23T16:34:40.557452+08:00", "level": "runtime", "action": "schema_validation", "project_id": "empty1", "agent": "parser", "task_id": "parser-empty1"}
{"timestamp": "2026-07-23T16:34:40.557815+08:00", "level": "runtime", "action": "schema_validation_ok", "project_id": "empty1", "agent": "parser", "task_id": "parser-empty1"}
{"timestamp": "2026-07-23T16:34:40.558227+08:00", "level": "runtime", "action": "workspace_saved", "project_id": "empty1", "agent": "parser", "extra": {"path": "/private/var/folders/0g/qs_2dts56wv6c2ctndzz2txm0000gn/T/pytest-of-shijunteng/pytest-10/test_run_parser_empty_input0/ws/projects/empty1/original_model.json", "version": "v1"}}
{"timestamp": "2026-07-23T16:34:40.558399+08:00", "level": "runtime", "action": "checkpoint_saved", "project_id": "empty1", "agent": "parser", "extra": {"path": "/private/var/folders/0g/qs_2dts56wv6c2ctndzz2txm0000gn/T/pytest-of-shijunteng/pytest-10/test_run_parser_empty_input0/ws/projects/empty1/checkpoint_parser_v1.json", "checkpoint": "checkpoint_parser_v1.json"}}
{"timestamp": "2026-07-23T16:34:40.558444+08:00", "level": "runtime", "action": "parser_finished", "project_id": "empty1", "agent": "parser", "task_id": "parser-empty1", "extra": {"success": true}}
{"timestamp": "2026-07-23T16:34:40.588636+08:00", "level": "runtime", "action": "professional_model_generated", "project_id": "p1", "agent": "electrical", "task_id": "professional-electrical-p1", "extra": {"objects": 26}}
{"timestamp": "2026-07-23T16:34:40.589262+08:00", "level": "runtime", "action": "professional_model_exported", "project_id": "p1", "agent": "electrical", "extra": {"path": "/var/folders/0g/qs_2dts56wv6c2ctndzz2txm0000gn/T/tmplzhps7j2/workspace/projects/p1/professional/electrical_model.json"}}
{"timestamp": "2026-07-23T16:34:40.591490+08:00", "level": "runtime", "action": "professional_model_generated", "project_id": "p8", "agent": "electrical", "task_id": "professional-electrical-p8", "extra": {"objects": 26}}
{"timestamp": "2026-07-23T16:34:40.591841+08:00", "level": "runtime", "action": "professional_model_exported", "project_id": "p8", "agent": "electrical", "extra": {"path": "/var/folders/0g/qs_2dts56wv6c2ctndzz2txm0000gn/T/tmp2vj1jjdf/workspace/projects/p8/professional/electrical_model.json"}}
{"timestamp": "2026-07-23T16:34:40.592462+08:00", "level": "runtime", "action": "professional_model_generated", "project_id": "p8", "agent": "plumbing", "task_id": "professional-plumbing-p8", "extra": {"objects": 6}}
{"timestamp": "2026-07-23T16:34:40.592669+08:00", "level": "runtime", "action": "professional_model_exported", "project_id": "p8", "agent": "plumbing", "extra": {"path": "/var/folders/0g/qs_2dts56wv6c2ctndzz2txm0000gn/T/tmp2vj1jjdf/workspace/projects/p8/professional/plumbing_model.json"}}
{"timestamp": "2026-07-23T16:34:40.593472+08:00", "level": "runtime", "action": "professional_model_generated", "project_id": "p8", "agent": "lighting", "task_id": "professional-lighting-p8", "extra": {"objects": 15}}
{"timestamp": "2026-07-23T16:34:40.593719+08:00", "level": "runtime", "action": "professional_model_exported", "project_id": "p8", "agent": "lighting", "extra": {"path": "/var/folders/0g/qs_2dts56wv6c2ctndzz2txm0000gn/T/tmp2vj1jjdf/workspace/projects/p8/professional/lighting_model.json"}}
{"timestamp": "2026-07-23T16:34:40.594439+08:00", "level": "runtime", "action": "professional_model_generated", "project_id": "p8", "agent": "ceiling", "task_id": "professional-ceiling-p8", "extra": {"objects": 11}}
{"timestamp": "2026-07-23T16:34:40.594639+08:00", "level": "runtime", "action": "professional_model_exported", "project_id": "p8", "agent": "ceiling", "extra": {"path": "/var/folders/0g/qs_2dts56wv6c2ctndzz2txm0000gn/T/tmp2vj1jjdf/workspace/projects/p8/professional/ceiling_model.json"}}
{"timestamp": "2026-07-23T16:34:40.595311+08:00", "level": "runtime", "action": "professional_model_generated", "project_id": "p8", "agent": "flooring", "task_id": "professional-flooring-p8", "extra": {"objects": 12}}
{"timestamp": "2026-07-23T16:34:40.595508+08:00", "level": "runtime", "action": "professional_model_exported", "project_id": "p8", "agent": "flooring", "extra": {"path": "/var/folders/0g/qs_2dts56wv6c2ctndzz2txm0000gn/T/tmp2vj1jjdf/workspace/projects/p8/professional/flooring_model.json"}}
{"timestamp": "2026-07-23T16:34:40.596192+08:00", "level": "runtime", "action": "professional_model_generated", "project_id": "p8", "agent": "hvac", "task_id": "professional-hvac-p8", "extra": {"objects": 11}}
{"timestamp": "2026-07-23T16:34:40.596389+08:00", "level": "runtime", "action": "professional_model_exported", "project_id": "p8", "agent": "hvac", "extra": {"path": "/var/folders/0g/qs_2dts56wv6c2ctndzz2txm0000gn/T/tmp2vj1jjdf/workspace/projects/p8/professional/hvac_model.json"}}
{"timestamp": "2026-07-23T16:34:40.596936+08:00", "level": "runtime", "action": "professional_model_generated", "project_id": "p8", "agent": "construction", "task_id": "professional-construction-p8", "extra": {"objects": 7}}
{"timestamp": "2026-07-23T16:34:40.597132+08:00", "level": "runtime", "action": "professional_model_exported", "project_id": "p8", "agent": "construction", "extra": {"path": "/var/folders/0g/qs_2dts56wv6c2ctndzz2txm0000gn/T/tmp2vj1jjdf/workspace/projects/p8/professional/construction_model.json"}}
{"timestamp": "2026-07-23T16:34:40.597831+08:00", "level": "runtime", "action": "professional_model_generated", "project_id": "p8", "agent": "furniture", "task_id": "professional-furniture-p8", "extra": {"objects": 12}}
{"timestamp": "2026-07-23T16:34:40.598026+08:00", "level": "runtime", "action": "professional_model_exported", "project_id": "p8", "agent": "furniture", "extra": {"path": "/var/folders/0g/qs_2dts56wv6c2ctndzz2txm0000gn/T/tmp2vj1jjdf/workspace/projects/p8/professional/furniture_model.json"}}
{"timestamp": "2026-07-23T16:34:40.600245+08:00", "level": "runtime", "action": "professional_model_generated", "project_id": "ro", "agent": "electrical", "task_id": "professional-electrical-ro", "extra": {"objects": 26}}
{"timestamp": "2026-07-23T16:34:40.600601+08:00", "level": "runtime", "action": "professional_model_exported", "project_id": "ro", "agent": "electrical", "extra": {"path": "/var/folders/0g/qs_2dts56wv6c2ctndzz2txm0000gn/T/tmpe0165unf/workspace/projects/ro/professional/electrical_model.json"}}
{"timestamp": "2026-07-23T16:34:40.601183+08:00", "level": "runtime", "action": "professional_model_generated", "project_id": "ro", "agent": "plumbing", "task_id": "professional-plumbing-ro", "extra": {"objects": 6}}
{"timestamp": "2026-07-23T16:34:40.601392+08:00", "level": "runtime", "action": "professional_model_exported", "project_id": "ro", "agent": "plumbing", "extra": {"path": "/var/folders/0g/qs_2dts56wv6c2ctndzz2txm0000gn/T/tmpe0165unf/workspace/projects/ro/professional/plumbing_model.json"}}
{"timestamp": "2026-07-23T16:34:40.602178+08:00", "level": "runtime", "action": "professional_model_generated", "project_id": "ro", "agent": "lighting", "task_id": "professional-lighting-ro", "extra": {"objects": 15}}
{"timestamp": "2026-07-23T16:34:40.603196+08:00", "level": "runtime", "action": "professional_model_exported", "project_id": "ro", "agent": "lighting", "extra": {"path": "/var/folders/0g/qs_2dts56wv6c2ctndzz2txm0000gn/T/tmpe0165unf/workspace/projects/ro/professional/lighting_model.json"}}
{"timestamp": "2026-07-23T16:34:40.605397+08:00", "level": "runtime", "action": "professional_model_generated", "project_id": "ro", "agent": "ceiling", "task_id": "professional-ceiling-ro", "extra": {"objects": 11}}
{"timestamp": "2026-07-23T16:34:40.605894+08:00", "level": "runtime", "action": "professional_model_exported", "project_id": "ro", "agent": "ceiling", "extra": {"path": "/var/folders/0g/qs_2dts56wv6c2ctndzz2txm0000gn/T/tmpe0165unf/workspace/projects/ro/professional/ceiling_model.json"}}
{"timestamp": "2026-07-23T16:34:40.606662+08:00", "level": "runtime", "action": "professional_model_generated", "project_id": "ro", "agent": "flooring", "task_id": "professional-flooring-ro", "extra": {"objects": 12}}
{"timestamp": "2026-07-23T16:34:40.606890+08:00", "level": "runtime", "action": "professional_model_exported", "project_id": "ro", "agent": "flooring", "extra": {"path": "/var/folders/0g/qs_2dts56wv6c2ctndzz2txm0000gn/T/tmpe0165unf/workspace/projects/ro/professional/flooring_model.json"}}
{"timestamp": "2026-07-23T16:34:40.607612+08:00", "level": "runtime", "action": "professional_model_generated", "project_id": "ro", "agent": "hvac", "task_id": "professional-hvac-ro", "extra": {"objects": 11}}
{"timestamp": "2026-07-23T16:34:40.607833+08:00", "level": "runtime", "action": "professional_model_exported", "project_id": "ro", "agent": "hvac", "extra": {"path": "/var/folders/0g/qs_2dts56wv6c2ctndzz2txm0000gn/T/tmpe0165unf/workspace/projects/ro/professional/hvac_model.json"}}
{"timestamp": "2026-07-23T16:34:40.608402+08:00", "level": "runtime", "action": "professional_model_generated", "project_id": "ro", "agent": "construction", "task_id": "professional-construction-ro", "extra": {"objects": 7}}
{"timestamp": "2026-07-23T16:34:40.608638+08:00", "level": "runtime", "action": "professional_model_exported", "project_id": "ro", "agent": "construction", "extra": {"path": "/var/folders/0g/qs_2dts56wv6c2ctndzz2txm0000gn/T/tmpe0165unf/workspace/projects/ro/professional/construction_model.json"}}
{"timestamp": "2026-07-23T16:34:40.609362+08:00", "level": "runtime", "action": "professional_model_generated", "project_id": "ro", "agent": "furniture", "task_id": "professional-furniture-ro", "extra": {"objects": 12}}
{"timestamp": "2026-07-23T16:34:40.609725+08:00", "level": "runtime", "action": "professional_model_exported", "project_id": "ro", "agent": "furniture", "extra": {"path": "/var/folders/0g/qs_2dts56wv6c2ctndzz2txm0000gn/T/tmpe0165unf/workspace/projects/ro/professional/furniture_model.json"}}
{"timestamp": "2026-07-23T16:34:51.957700+08:00", "level": "runtime", "action": "project_state_changed", "project_id": "demo-prof-001", "extra": {"from_state": "CREATED", "to_state": "INITIALIZING"}}
{"timestamp": "2026-07-23T16:34:51.958002+08:00", "level": "runtime", "action": "project_state_changed", "project_id": "demo-prof-001", "extra": {"from_state": "INITIALIZING", "to_state": "RUNNING"}}
{"timestamp": "2026-07-23T16:34:51.958376+08:00", "level": "runtime", "action": "stage_started", "project_id": "demo-prof-001", "stage": "PROFESSIONAL_DEEPENING", "extra": {"disciplines": "electrical,lighting,hvac,furniture"}}
{"timestamp": "2026-07-23T16:34:51.970170+08:00", "level": "runtime", "action": "professional_model_generated", "project_id": "demo-prof-001", "agent": "furniture", "task_id": "professional-furniture-demo-prof-001", "extra": {"objects": 12}}
{"timestamp": "2026-07-23T16:34:51.972068+08:00", "level": "runtime", "action": "professional_model_generated", "project_id": "demo-prof-001", "agent": "lighting", "task_id": "professional-lighting-demo-prof-001", "extra": {"objects": 15}}
{"timestamp": "2026-07-23T16:34:51.973909+08:00", "level": "runtime", "action": "professional_model_generated", "project_id": "demo-prof-001", "agent": "electrical", "task_id": "professional-electrical-demo-prof-001", "extra": {"objects": 26}}
{"timestamp": "2026-07-23T16:34:51.972996+08:00", "level": "runtime", "action": "professional_model_generated", "project_id": "demo-prof-001", "agent": "hvac", "task_id": "professional-hvac-demo-prof-001", "extra": {"objects": 11}}
{"timestamp": "2026-07-23T16:34:51.974586+08:00", "level": "runtime", "action": "professional_model_exported", "project_id": "demo-prof-001", "agent": "furniture", "extra": {"path": "/Users/shijunteng/Desktop/图纸/InteriorDesignOS/workspace/projects/demo-prof-001/professional/furniture_model.json"}}
{"timestamp": "2026-07-23T16:34:51.974649+08:00", "level": "runtime", "action": "professional_model_exported", "project_id": "demo-prof-001", "agent": "lighting", "extra": {"path": "/Users/shijunteng/Desktop/图纸/InteriorDesignOS/workspace/projects/demo-prof-001/professional/lighting_model.json"}}
{"timestamp": "2026-07-23T16:34:51.974702+08:00", "level": "runtime", "action": "professional_model_exported", "project_id": "demo-prof-001", "agent": "electrical", "extra": {"path": "/Users/shijunteng/Desktop/图纸/InteriorDesignOS/workspace/projects/demo-prof-001/professional/electrical_model.json"}}
{"timestamp": "2026-07-23T16:34:51.974762+08:00", "level": "runtime", "action": "professional_model_exported", "project_id": "demo-prof-001", "agent": "hvac", "extra": {"path": "/Users/shijunteng/Desktop/图纸/InteriorDesignOS/workspace/projects/demo-prof-001/professional/hvac_model.json"}}
{"timestamp": "2026-07-23T16:34:51.978852+08:00", "level": "runtime", "action": "project_state_changed", "project_id": "demo-prof-001", "extra": {"from_state": "RUNNING", "to_state": "COMPLETED"}}
{"timestamp": "2026-07-23T16:35:04.124972+08:00", "level": "runtime", "action": "project_state_changed", "project_id": "demo-prof-002", "extra": {"from_state": "CREATED", "to_state": "INITIALIZING"}}
{"timestamp": "2026-07-23T16:35:04.125943+08:00", "level": "runtime", "action": "project_state_changed", "project_id": "demo-prof-002", "extra": {"from_state": "INITIALIZING", "to_state": "RUNNING"}}
{"timestamp": "2026-07-23T16:35:04.126750+08:00", "level": "runtime", "action": "layout_model_fallback", "project_id": "demo-prof-002", "extra": {"path": "/Users/shijunteng/Desktop/图纸/InteriorDesignOS/schemas/examples/LayoutModel.example.json"}}
{"timestamp": "2026-07-23T16:35:04.127494+08:00", "level": "runtime", "action": "stage_started", "project_id": "demo-prof-002", "stage": "PROFESSIONAL_DEEPENING", "extra": {"disciplines": "electrical,plumbing,lighting,ceiling,flooring,hvac,construction,furniture"}}
{"timestamp": "2026-07-23T16:35:04.149584+08:00", "level": "runtime", "action": "professional_model_generated", "project_id": "demo-prof-002", "agent": "lighting", "task_id": "professional-lighting-demo-prof-002", "extra": {"objects": 15}}
{"timestamp": "2026-07-23T16:35:04.152478+08:00", "level": "runtime", "action": "professional_model_exported", "project_id": "demo-prof-002", "agent": "lighting", "extra": {"path": "/Users/shijunteng/Desktop/图纸/InteriorDesignOS/workspace/projects/demo-prof-002/professional/lighting_model.json"}}
{"timestamp": "2026-07-23T16:35:04.155303+08:00", "level": "runtime", "action": "professional_model_generated", "project_id": "demo-prof-002", "agent": "flooring", "task_id": "professional-flooring-demo-prof-002", "extra": {"objects": 12}}
{"timestamp": "2026-07-23T16:35:04.158742+08:00", "level": "runtime", "action": "professional_model_exported", "project_id": "demo-prof-002", "agent": "flooring", "extra": {"path": "/Users/shijunteng/Desktop/图纸/InteriorDesignOS/workspace/projects/demo-prof-002/professional/flooring_model.json"}}
{"timestamp": "2026-07-23T16:35:04.160555+08:00", "level": "runtime", "action": "professional_model_generated", "project_id": "demo-prof-002", "agent": "electrical", "task_id": "professional-electrical-demo-prof-002", "extra": {"objects": 26}}
{"timestamp": "2026-07-23T16:35:04.163736+08:00", "level": "runtime", "action": "professional_model_generated", "project_id": "demo-prof-002", "agent": "ceiling", "task_id": "professional-ceiling-demo-prof-002", "extra": {"objects": 11}}
{"timestamp": "2026-07-23T16:35:04.164676+08:00", "level": "runtime", "action": "professional_model_generated", "project_id": "demo-prof-002", "agent": "plumbing", "task_id": "professional-plumbing-demo-prof-002", "extra": {"objects": 6}}
{"timestamp": "2026-07-23T16:35:04.165353+08:00", "level": "runtime", "action": "professional_model_exported", "project_id": "demo-prof-002", "agent": "electrical", "extra": {"path": "/Users/shijunteng/Desktop/图纸/InteriorDesignOS/workspace/projects/demo-prof-002/professional/electrical_model.json"}}
{"timestamp": "2026-07-23T16:35:04.168821+08:00", "level": "runtime", "action": "professional_model_generated", "project_id": "demo-prof-002", "agent": "hvac", "task_id": "professional-hvac-demo-prof-002", "extra": {"objects": 11}}
{"timestamp": "2026-07-23T16:35:04.167073+08:00", "level": "runtime", "action": "professional_model_exported", "project_id": "demo-prof-002", "agent": "ceiling", "extra": {"path": "/Users/shijunteng/Desktop/图纸/InteriorDesignOS/workspace/projects/demo-prof-002/professional/ceiling_model.json"}}
{"timestamp": "2026-07-23T16:35:04.171649+08:00", "level": "runtime", "action": "professional_model_exported", "project_id": "demo-prof-002", "agent": "plumbing", "extra": {"path": "/Users/shijunteng/Desktop/图纸/InteriorDesignOS/workspace/projects/demo-prof-002/professional/plumbing_model.json"}}
{"timestamp": "2026-07-23T16:35:04.172470+08:00", "level": "runtime", "action": "professional_model_exported", "project_id": "demo-prof-002", "agent": "hvac", "extra": {"path": "/Users/shijunteng/Desktop/图纸/InteriorDesignOS/workspace/projects/demo-prof-002/professional/hvac_model.json"}}
{"timestamp": "2026-07-23T16:35:04.174333+08:00", "level": "runtime", "action": "professional_model_generated", "project_id": "demo-prof-002", "agent": "construction", "task_id": "professional-construction-demo-prof-002", "extra": {"objects": 7}}
{"timestamp": "2026-07-23T16:35:04.175244+08:00", "level": "runtime", "action": "professional_model_generated", "project_id": "demo-prof-002", "agent": "furniture", "task_id": "professional-furniture-demo-prof-002", "extra": {"objects": 12}}
{"timestamp": "2026-07-23T16:35:04.175648+08:00", "level": "runtime", "action": "professional_model_exported", "project_id": "demo-prof-002", "agent": "construction", "extra": {"path": "/Users/shijunteng/Desktop/图纸/InteriorDesignOS/workspace/projects/demo-prof-002/professional/construction_model.json"}}
{"timestamp": "2026-07-23T16:35:04.175702+08:00", "level": "runtime", "action": "professional_model_exported", "project_id": "demo-prof-002", "agent": "furniture", "extra": {"path": "/Users/shijunteng/Desktop/图纸/InteriorDesignOS/workspace/projects/demo-prof-002/professional/furniture_model.json"}}
{"timestamp": "2026-07-23T16:35:04.182117+08:00", "level": "runtime", "action": "project_state_changed", "project_id": "demo-prof-002", "extra": {"from_state": "RUNNING", "to_state": "COMPLETED"}}
{"timestamp": "2026-07-23T16:38:06.981439+08:00", "level": "runtime", "action": "design_started", "project_id": "ds_test", "agent": "design", "task_id": "design-ds_test"}
{"timestamp": "2026-07-23T16:38:06.982320+08:00", "level": "runtime", "action": "schema_validation_ok", "project_id": "ds_test", "agent": "design", "task_id": "design-ds_test"}
{"timestamp": "2026-07-23T16:38:06.982375+08:00", "level": "runtime", "action": "design_finished", "project_id": "ds_test", "agent": "design", "task_id": "design-ds_test", "extra": {"success": true}}
{"timestamp": "2026-07-23T16:38:07.007692+08:00", "level": "runtime", "action": "parser_started", "project_id": "t1", "agent": "parser", "task_id": "parser-t1", "extra": {"input": "/Users/shijunteng/Desktop/图纸/InteriorDesignOS/examples/input/sample_json/sample.json"}}
{"timestamp": "2026-07-23T16:38:07.007860+08:00", "level": "runtime", "action": "input_loaded", "project_id": "t1", "agent": "parser", "task_id": "parser-t1", "extra": {"size": 1134, "mime": "application/json", "hash": "4a1b9feacf11"}}
{"timestamp": "2026-07-23T16:38:07.007920+08:00", "level": "runtime", "action": "input_type", "project_id": "t1", "agent": "parser", "task_id": "parser-t1", "extra": {"input_type": "TEXT"}}
{"timestamp": "2026-07-23T16:38:07.008070+08:00", "level": "runtime", "action": "schema_validation", "project_id": "t1", "agent": "parser", "task_id": "parser-t1"}
{"timestamp": "2026-07-23T16:38:07.008684+08:00", "level": "runtime", "action": "schema_validation_ok", "project_id": "t1", "agent": "parser", "task_id": "parser-t1"}
{"timestamp": "2026-07-23T16:38:07.009055+08:00", "level": "runtime", "action": "workspace_saved", "project_id": "t1", "agent": "parser", "extra": {"path": "/private/var/folders/0g/qs_2dts56wv6c2ctndzz2txm0000gn/T/pytest-of-shijunteng/pytest-11/test_run_parser_success_saves_0/ws/projects/t1/original_model.json", "version": "v1"}}
{"timestamp": "2026-07-23T16:38:07.009242+08:00", "level": "runtime", "action": "checkpoint_saved", "project_id": "t1", "agent": "parser", "extra": {"path": "/private/var/folders/0g/qs_2dts56wv6c2ctndzz2txm0000gn/T/pytest-of-shijunteng/pytest-11/test_run_parser_success_saves_0/ws/projects/t1/checkpoint_parser_v1.json", "checkpoint": "checkpoint_parser_v1.json"}}
{"timestamp": "2026-07-23T16:38:07.009287+08:00", "level": "runtime", "action": "parser_finished", "project_id": "t1", "agent": "parser", "task_id": "parser-t1", "extra": {"success": true}}
{"timestamp": "2026-07-23T16:38:07.010518+08:00", "level": "runtime", "action": "parser_started", "project_id": "img1", "agent": "parser", "task_id": "parser-img1", "extra": {"input": "/Users/shijunteng/Desktop/图纸/InteriorDesignOS/examples/input/sample_image/sample.png"}}
{"timestamp": "2026-07-23T16:38:07.010733+08:00", "level": "runtime", "action": "input_loaded", "project_id": "img1", "agent": "parser", "task_id": "parser-img1", "extra": {"size": 69, "mime": "image/png", "hash": "ae4055a4c637"}}
{"timestamp": "2026-07-23T16:38:07.010779+08:00", "level": "runtime", "action": "input_type", "project_id": "img1", "agent": "parser", "task_id": "parser-img1", "extra": {"input_type": "IMAGE"}}
{"timestamp": "2026-07-23T16:38:07.010859+08:00", "level": "runtime", "action": "schema_validation", "project_id": "img1", "agent": "parser", "task_id": "parser-img1"}
{"timestamp": "2026-07-23T16:38:07.011134+08:00", "level": "runtime", "action": "schema_validation_ok", "project_id": "img1", "agent": "parser", "task_id": "parser-img1"}
{"timestamp": "2026-07-23T16:38:07.011464+08:00", "level": "runtime", "action": "workspace_saved", "project_id": "img1", "agent": "parser", "extra": {"path": "/private/var/folders/0g/qs_2dts56wv6c2ctndzz2txm0000gn/T/pytest-of-shijunteng/pytest-11/test_run_parser_image_empty_ge0/ws/projects/img1/original_model.json", "version": "v1"}}
{"timestamp": "2026-07-23T16:38:07.011615+08:00", "level": "runtime", "action": "checkpoint_saved", "project_id": "img1", "agent": "parser", "extra": {"path": "/private/var/folders/0g/qs_2dts56wv6c2ctndzz2txm0000gn/T/pytest-of-shijunteng/pytest-11/test_run_parser_image_empty_ge0/ws/projects/img1/checkpoint_parser_v1.json", "checkpoint": "checkpoint_parser_v1.json"}}
{"timestamp": "2026-07-23T16:38:07.011657+08:00", "level": "runtime", "action": "parser_finished", "project_id": "img1", "agent": "parser", "task_id": "parser-img1", "extra": {"success": true}}
{"timestamp": "2026-07-23T16:38:07.012664+08:00", "level": "runtime", "action": "parser_started", "project_id": "pdf1", "agent": "parser", "task_id": "parser-pdf1", "extra": {"input": "/Users/shijunteng/Desktop/图纸/InteriorDesignOS/examples/input/sample_pdf/sample.pdf"}}
{"timestamp": "2026-07-23T16:38:07.012901+08:00", "level": "runtime", "action": "input_loaded", "project_id": "pdf1", "agent": "parser", "task_id": "parser-pdf1", "extra": {"size": 193, "mime": "application/pdf", "hash": "e5a636ac00ea"}}
{"timestamp": "2026-07-23T16:38:07.012954+08:00", "level": "runtime", "action": "input_type", "project_id": "pdf1", "agent": "parser", "task_id": "parser-pdf1", "extra": {"input_type": "PDF"}}
{"timestamp": "2026-07-23T16:38:07.013046+08:00", "level": "runtime", "action": "schema_validation", "project_id": "pdf1", "agent": "parser", "task_id": "parser-pdf1"}
{"timestamp": "2026-07-23T16:38:07.013334+08:00", "level": "runtime", "action": "schema_validation_ok", "project_id": "pdf1", "agent": "parser", "task_id": "parser-pdf1"}
{"timestamp": "2026-07-23T16:38:07.013661+08:00", "level": "runtime", "action": "workspace_saved", "project_id": "pdf1", "agent": "parser", "extra": {"path": "/private/var/folders/0g/qs_2dts56wv6c2ctndzz2txm0000gn/T/pytest-of-shijunteng/pytest-11/test_run_parser_pdf_empty_geom0/ws/projects/pdf1/original_model.json", "version": "v1"}}
{"timestamp": "2026-07-23T16:38:07.013814+08:00", "level": "runtime", "action": "checkpoint_saved", "project_id": "pdf1", "agent": "parser", "extra": {"path": "/private/var/folders/0g/qs_2dts56wv6c2ctndzz2txm0000gn/T/pytest-of-shijunteng/pytest-11/test_run_parser_pdf_empty_geom0/ws/projects/pdf1/checkpoint_parser_v1.json", "checkpoint": "checkpoint_parser_v1.json"}}
{"timestamp": "2026-07-23T16:38:07.013856+08:00", "level": "runtime", "action": "parser_finished", "project_id": "pdf1", "agent": "parser", "task_id": "parser-pdf1", "extra": {"success": true}}
{"timestamp": "2026-07-23T16:38:07.014609+08:00", "level": "runtime", "action": "parser_started", "project_id": "x", "agent": "parser", "task_id": "parser-x", "extra": {"input": "/Users/shijunteng/Desktop/图纸/InteriorDesignOS/examples/input/does_not_exist.dwg"}}
{"timestamp": "2026-07-23T16:38:07.015227+08:00", "level": "runtime", "action": "parser_started", "project_id": "empty1", "agent": "parser", "task_id": "parser-empty1", "extra": {"input": "/Users/shijunteng/Desktop/图纸/InteriorDesignOS/examples/input/empty_project/empty.txt"}}
{"timestamp": "2026-07-23T16:38:07.015328+08:00", "level": "runtime", "action": "input_loaded", "project_id": "empty1", "agent": "parser", "task_id": "parser-empty1", "extra": {"size": 0, "mime": "text/plain", "hash": "e3b0c44298fc"}}
{"timestamp": "2026-07-23T16:38:07.015387+08:00", "level": "runtime", "action": "input_type", "project_id": "empty1", "agent": "parser", "task_id": "parser-empty1", "extra": {"input_type": "TEXT"}}
{"timestamp": "2026-07-23T16:38:07.015498+08:00", "level": "runtime", "action": "schema_validation", "project_id": "empty1", "agent": "parser", "task_id": "parser-empty1"}
{"timestamp": "2026-07-23T16:38:07.015776+08:00", "level": "runtime", "action": "schema_validation_ok", "project_id": "empty1", "agent": "parser", "task_id": "parser-empty1"}
{"timestamp": "2026-07-23T16:38:07.016116+08:00", "level": "runtime", "action": "workspace_saved", "project_id": "empty1", "agent": "parser", "extra": {"path": "/private/var/folders/0g/qs_2dts56wv6c2ctndzz2txm0000gn/T/pytest-of-shijunteng/pytest-11/test_run_parser_empty_input0/ws/projects/empty1/original_model.json", "version": "v1"}}
{"timestamp": "2026-07-23T16:38:07.016267+08:00", "level": "runtime", "action": "checkpoint_saved", "project_id": "empty1", "agent": "parser", "extra": {"path": "/private/var/folders/0g/qs_2dts56wv6c2ctndzz2txm0000gn/T/pytest-of-shijunteng/pytest-11/test_run_parser_empty_input0/ws/projects/empty1/checkpoint_parser_v1.json", "checkpoint": "checkpoint_parser_v1.json"}}
{"timestamp": "2026-07-23T16:38:07.016309+08:00", "level": "runtime", "action": "parser_finished", "project_id": "empty1", "agent": "parser", "task_id": "parser-empty1", "extra": {"success": true}}
{"timestamp": "2026-07-23T16:38:07.047293+08:00", "level": "runtime", "action": "professional_model_generated", "project_id": "p1", "agent": "electrical", "task_id": "professional-electrical-p1", "extra": {"objects": 26}}
{"timestamp": "2026-07-23T16:38:07.047652+08:00", "level": "runtime", "action": "professional_model_exported", "project_id": "p1", "agent": "electrical", "extra": {"path": "/var/folders/0g/qs_2dts56wv6c2ctndzz2txm0000gn/T/tmpq8uv_ol4/workspace/projects/p1/professional/electrical_model.json"}}
{"timestamp": "2026-07-23T16:38:07.049570+08:00", "level": "runtime", "action": "professional_model_generated", "project_id": "p8", "agent": "electrical", "task_id": "professional-electrical-p8", "extra": {"objects": 26}}
{"timestamp": "2026-07-23T16:38:07.049884+08:00", "level": "runtime", "action": "professional_model_exported", "project_id": "p8", "agent": "electrical", "extra": {"path": "/var/folders/0g/qs_2dts56wv6c2ctndzz2txm0000gn/T/tmpehggnqo_/workspace/projects/p8/professional/electrical_model.json"}}
{"timestamp": "2026-07-23T16:38:07.050450+08:00", "level": "runtime", "action": "professional_model_generated", "project_id": "p8", "agent": "plumbing", "task_id": "professional-plumbing-p8", "extra": {"objects": 6}}
{"timestamp": "2026-07-23T16:38:07.050649+08:00", "level": "runtime", "action": "professional_model_exported", "project_id": "p8", "agent": "plumbing", "extra": {"path": "/var/folders/0g/qs_2dts56wv6c2ctndzz2txm0000gn/T/tmpehggnqo_/workspace/projects/p8/professional/plumbing_model.json"}}
{"timestamp": "2026-07-23T16:38:07.051537+08:00", "level": "runtime", "action": "professional_model_generated", "project_id": "p8", "agent": "lighting", "task_id": "professional-lighting-p8", "extra": {"objects": 15}}
{"timestamp": "2026-07-23T16:38:07.051891+08:00", "level": "runtime", "action": "professional_model_exported", "project_id": "p8", "agent": "lighting", "extra": {"path": "/var/folders/0g/qs_2dts56wv6c2ctndzz2txm0000gn/T/tmpehggnqo_/workspace/projects/p8/professional/lighting_model.json"}}
{"timestamp": "2026-07-23T16:38:07.053275+08:00", "level": "runtime", "action": "professional_model_generated", "project_id": "p8", "agent": "ceiling", "task_id": "professional-ceiling-p8", "extra": {"objects": 11}}
{"timestamp": "2026-07-23T16:38:07.054288+08:00", "level": "runtime", "action": "professional_model_exported", "project_id": "p8", "agent": "ceiling", "extra": {"path": "/var/folders/0g/qs_2dts56wv6c2ctndzz2txm0000gn/T/tmpehggnqo_/workspace/projects/p8/professional/ceiling_model.json"}}
{"timestamp": "2026-07-23T16:38:07.056421+08:00", "level": "runtime", "action": "professional_model_generated", "project_id": "p8", "agent": "flooring", "task_id": "professional-flooring-p8", "extra": {"objects": 12}}
{"timestamp": "2026-07-23T16:38:07.057337+08:00", "level": "runtime", "action": "professional_model_exported", "project_id": "p8", "agent": "flooring", "extra": {"path": "/var/folders/0g/qs_2dts56wv6c2ctndzz2txm0000gn/T/tmpehggnqo_/workspace/projects/p8/professional/flooring_model.json"}}
{"timestamp": "2026-07-23T16:38:07.059724+08:00", "level": "runtime", "action": "professional_model_generated", "project_id": "p8", "agent": "hvac", "task_id": "professional-hvac-p8", "extra": {"objects": 11}}
{"timestamp": "2026-07-23T16:38:07.060386+08:00", "level": "runtime", "action": "professional_model_exported", "project_id": "p8", "agent": "hvac", "extra": {"path": "/var/folders/0g/qs_2dts56wv6c2ctndzz2txm0000gn/T/tmpehggnqo_/workspace/projects/p8/professional/hvac_model.json"}}
{"timestamp": "2026-07-23T16:38:07.061531+08:00", "level": "runtime", "action": "professional_model_generated", "project_id": "p8", "agent": "construction", "task_id": "professional-construction-p8", "extra": {"objects": 7}}
{"timestamp": "2026-07-23T16:38:07.062001+08:00", "level": "runtime", "action": "professional_model_exported", "project_id": "p8", "agent": "construction", "extra": {"path": "/var/folders/0g/qs_2dts56wv6c2ctndzz2txm0000gn/T/tmpehggnqo_/workspace/projects/p8/professional/construction_model.json"}}
{"timestamp": "2026-07-23T16:38:07.063864+08:00", "level": "runtime", "action": "professional_model_generated", "project_id": "p8", "agent": "furniture", "task_id": "professional-furniture-p8", "extra": {"objects": 12}}
{"timestamp": "2026-07-23T16:38:07.064392+08:00", "level": "runtime", "action": "professional_model_exported", "project_id": "p8", "agent": "furniture", "extra": {"path": "/var/folders/0g/qs_2dts56wv6c2ctndzz2txm0000gn/T/tmpehggnqo_/workspace/projects/p8/professional/furniture_model.json"}}
{"timestamp": "2026-07-23T16:38:07.066951+08:00", "level": "runtime", "action": "professional_model_generated", "project_id": "ro", "agent": "electrical", "task_id": "professional-electrical-ro", "extra": {"objects": 26}}
{"timestamp": "2026-07-23T16:38:07.067298+08:00", "level": "runtime", "action": "professional_model_exported", "project_id": "ro", "agent": "electrical", "extra": {"path": "/var/folders/0g/qs_2dts56wv6c2ctndzz2txm0000gn/T/tmpdynkv6ug/workspace/projects/ro/professional/electrical_model.json"}}
{"timestamp": "2026-07-23T16:38:07.067889+08:00", "level": "runtime", "action": "professional_model_generated", "project_id": "ro", "agent": "plumbing", "task_id": "professional-plumbing-ro", "extra": {"objects": 6}}
{"timestamp": "2026-07-23T16:38:07.069854+08:00", "level": "runtime", "action": "professional_model_exported", "project_id": "ro", "agent": "plumbing", "extra": {"path": "/var/folders/0g/qs_2dts56wv6c2ctndzz2txm0000gn/T/tmpdynkv6ug/workspace/projects/ro/professional/plumbing_model.json"}}
{"timestamp": "2026-07-23T16:38:07.072053+08:00", "level": "runtime", "action": "professional_model_generated", "project_id": "ro", "agent": "lighting", "task_id": "professional-lighting-ro", "extra": {"objects": 15}}
{"timestamp": "2026-07-23T16:38:07.072496+08:00", "level": "runtime", "action": "professional_model_exported", "project_id": "ro", "agent": "lighting", "extra": {"path": "/var/folders/0g/qs_2dts56wv6c2ctndzz2txm0000gn/T/tmpdynkv6ug/workspace/projects/ro/professional/lighting_model.json"}}
{"timestamp": "2026-07-23T16:38:07.073349+08:00", "level": "runtime", "action": "professional_model_generated", "project_id": "ro", "agent": "ceiling", "task_id": "professional-ceiling-ro", "extra": {"objects": 11}}
{"timestamp": "2026-07-23T16:38:07.073677+08:00", "level": "runtime", "action": "professional_model_exported", "project_id": "ro", "agent": "ceiling", "extra": {"path": "/var/folders/0g/qs_2dts56wv6c2ctndzz2txm0000gn/T/tmpdynkv6ug/workspace/projects/ro/professional/ceiling_model.json"}}
{"timestamp": "2026-07-23T16:38:07.074464+08:00", "level": "runtime", "action": "professional_model_generated", "project_id": "ro", "agent": "flooring", "task_id": "professional-flooring-ro", "extra": {"objects": 12}}
{"timestamp": "2026-07-23T16:38:07.074718+08:00", "level": "runtime", "action": "professional_model_exported", "project_id": "ro", "agent": "flooring", "extra": {"path": "/var/folders/0g/qs_2dts56wv6c2ctndzz2txm0000gn/T/tmpdynkv6ug/workspace/projects/ro/professional/flooring_model.json"}}
{"timestamp": "2026-07-23T16:38:07.075430+08:00", "level": "runtime", "action": "professional_model_generated", "project_id": "ro", "agent": "hvac", "task_id": "professional-hvac-ro", "extra": {"objects": 11}}
{"timestamp": "2026-07-23T16:38:07.075657+08:00", "level": "runtime", "action": "professional_model_exported", "project_id": "ro", "agent": "hvac", "extra": {"path": "/var/folders/0g/qs_2dts56wv6c2ctndzz2txm0000gn/T/tmpdynkv6ug/workspace/projects/ro/professional/hvac_model.json"}}
{"timestamp": "2026-07-23T16:38:07.076221+08:00", "level": "runtime", "action": "professional_model_generated", "project_id": "ro", "agent": "construction", "task_id": "professional-construction-ro", "extra": {"objects": 7}}
{"timestamp": "2026-07-23T16:38:07.076459+08:00", "level": "runtime", "action": "professional_model_exported", "project_id": "ro", "agent": "construction", "extra": {"path": "/var/folders/0g/qs_2dts56wv6c2ctndzz2txm0000gn/T/tmpdynkv6ug/workspace/projects/ro/professional/construction_model.json"}}
{"timestamp": "2026-07-23T16:38:07.077174+08:00", "level": "runtime", "action": "professional_model_generated", "project_id": "ro", "agent": "furniture", "task_id": "professional-furniture-ro", "extra": {"objects": 12}}
{"timestamp": "2026-07-23T16:38:07.077390+08:00", "level": "runtime", "action": "professional_model_exported", "project_id": "ro", "agent": "furniture", "extra": {"path": "/var/folders/0g/qs_2dts56wv6c2ctndzz2txm0000gn/T/tmpdynkv6ug/workspace/projects/ro/professional/furniture_model.json"}}
{"timestamp": "2026-07-24T13:22:33.247471+08:00", "level": "runtime", "action": "design_started", "project_id": "ds_test", "agent": "design", "task_id": "design-ds_test"}
{"timestamp": "2026-07-24T13:22:33.248419+08:00", "level": "runtime", "action": "schema_validation_ok", "project_id": "ds_test", "agent": "design", "task_id": "design-ds_test"}
{"timestamp": "2026-07-24T13:22:33.248474+08:00", "level": "runtime", "action": "design_finished", "project_id": "ds_test", "agent": "design", "task_id": "design-ds_test", "extra": {"success": true}}
{"timestamp": "2026-07-24T13:22:33.277366+08:00", "level": "runtime", "action": "parser_started", "project_id": "t1", "agent": "parser", "task_id": "parser-t1", "extra": {"input": "/Users/shijunteng/Desktop/图纸/InteriorDesignOS/examples/input/sample_json/sample.json"}}
{"timestamp": "2026-07-24T13:22:33.277571+08:00", "level": "runtime", "action": "input_loaded", "project_id": "t1", "agent": "parser", "task_id": "parser-t1", "extra": {"size": 1134, "mime": "application/json", "hash": "4a1b9feacf11"}}
{"timestamp": "2026-07-24T13:22:33.277638+08:00", "level": "runtime", "action": "input_type", "project_id": "t1", "agent": "parser", "task_id": "parser-t1", "extra": {"input_type": "TEXT"}}
{"timestamp": "2026-07-24T13:22:33.277789+08:00", "level": "runtime", "action": "schema_validation", "project_id": "t1", "agent": "parser", "task_id": "parser-t1"}
{"timestamp": "2026-07-24T13:22:33.278424+08:00", "level": "runtime", "action": "schema_validation_ok", "project_id": "t1", "agent": "parser", "task_id": "parser-t1"}
{"timestamp": "2026-07-24T13:22:33.278847+08:00", "level": "runtime", "action": "workspace_saved", "project_id": "t1", "agent": "parser", "extra": {"path": "/private/var/folders/0g/qs_2dts56wv6c2ctndzz2txm0000gn/T/pytest-of-shijunteng/pytest-12/test_run_parser_success_saves_0/ws/projects/t1/original_model.json", "version": "v1"}}
{"timestamp": "2026-07-24T13:22:33.279042+08:00", "level": "runtime", "action": "checkpoint_saved", "project_id": "t1", "agent": "parser", "extra": {"path": "/private/var/folders/0g/qs_2dts56wv6c2ctndzz2txm0000gn/T/pytest-of-shijunteng/pytest-12/test_run_parser_success_saves_0/ws/projects/t1/checkpoint_parser_v1.json", "checkpoint": "checkpoint_parser_v1.json"}}
{"timestamp": "2026-07-24T13:22:33.279098+08:00", "level": "runtime", "action": "parser_finished", "project_id": "t1", "agent": "parser", "task_id": "parser-t1", "extra": {"success": true}}
{"timestamp": "2026-07-24T13:22:33.280431+08:00", "level": "runtime", "action": "parser_started", "project_id": "img1", "agent": "parser", "task_id": "parser-img1", "extra": {"input": "/Users/shijunteng/Desktop/图纸/InteriorDesignOS/examples/input/sample_image/sample.png"}}
{"timestamp": "2026-07-24T13:22:33.280663+08:00", "level": "runtime", "action": "input_loaded", "project_id": "img1", "agent": "parser", "task_id": "parser-img1", "extra": {"size": 69, "mime": "image/png", "hash": "ae4055a4c637"}}
{"timestamp": "2026-07-24T13:22:33.280754+08:00", "level": "runtime", "action": "input_type", "project_id": "img1", "agent": "parser", "task_id": "parser-img1", "extra": {"input_type": "IMAGE"}}
{"timestamp": "2026-07-24T13:22:33.280858+08:00", "level": "runtime", "action": "schema_validation", "project_id": "img1", "agent": "parser", "task_id": "parser-img1"}
{"timestamp": "2026-07-24T13:22:33.281173+08:00", "level": "runtime", "action": "schema_validation_ok", "project_id": "img1", "agent": "parser", "task_id": "parser-img1"}
{"timestamp": "2026-07-24T13:22:33.281551+08:00", "level": "runtime", "action": "workspace_saved", "project_id": "img1", "agent": "parser", "extra": {"path": "/private/var/folders/0g/qs_2dts56wv6c2ctndzz2txm0000gn/T/pytest-of-shijunteng/pytest-12/test_run_parser_image_empty_ge0/ws/projects/img1/original_model.json", "version": "v1"}}
{"timestamp": "2026-07-24T13:22:33.281728+08:00", "level": "runtime", "action": "checkpoint_saved", "project_id": "img1", "agent": "parser", "extra": {"path": "/private/var/folders/0g/qs_2dts56wv6c2ctndzz2txm0000gn/T/pytest-of-shijunteng/pytest-12/test_run_parser_image_empty_ge0/ws/projects/img1/checkpoint_parser_v1.json", "checkpoint": "checkpoint_parser_v1.json"}}
{"timestamp": "2026-07-24T13:22:33.281786+08:00", "level": "runtime", "action": "parser_finished", "project_id": "img1", "agent": "parser", "task_id": "parser-img1", "extra": {"success": true}}
{"timestamp": "2026-07-24T13:22:33.282851+08:00", "level": "runtime", "action": "parser_started", "project_id": "pdf1", "agent": "parser", "task_id": "parser-pdf1", "extra": {"input": "/Users/shijunteng/Desktop/图纸/InteriorDesignOS/examples/input/sample_pdf/sample.pdf"}}
{"timestamp": "2026-07-24T13:22:33.283116+08:00", "level": "runtime", "action": "input_loaded", "project_id": "pdf1", "agent": "parser", "task_id": "parser-pdf1", "extra": {"size": 193, "mime": "application/pdf", "hash": "e5a636ac00ea"}}
{"timestamp": "2026-07-24T13:22:33.283166+08:00", "level": "runtime", "action": "input_type", "project_id": "pdf1", "agent": "parser", "task_id": "parser-pdf1", "extra": {"input_type": "PDF"}}
{"timestamp": "2026-07-24T13:22:33.283250+08:00", "level": "runtime", "action": "schema_validation", "project_id": "pdf1", "agent": "parser", "task_id": "parser-pdf1"}
{"timestamp": "2026-07-24T13:22:33.283547+08:00", "level": "runtime", "action": "schema_validation_ok", "project_id": "pdf1", "agent": "parser", "task_id": "parser-pdf1"}
{"timestamp": "2026-07-24T13:22:33.283896+08:00", "level": "runtime", "action": "workspace_saved", "project_id": "pdf1", "agent": "parser", "extra": {"path": "/private/var/folders/0g/qs_2dts56wv6c2ctndzz2txm0000gn/T/pytest-of-shijunteng/pytest-12/test_run_parser_pdf_empty_geom0/ws/projects/pdf1/original_model.json", "version": "v1"}}
{"timestamp": "2026-07-24T13:22:33.284064+08:00", "level": "runtime", "action": "checkpoint_saved", "project_id": "pdf1", "agent": "parser", "extra": {"path": "/private/var/folders/0g/qs_2dts56wv6c2ctndzz2txm0000gn/T/pytest-of-shijunteng/pytest-12/test_run_parser_pdf_empty_geom0/ws/projects/pdf1/checkpoint_parser_v1.json", "checkpoint": "checkpoint_parser_v1.json"}}
{"timestamp": "2026-07-24T13:22:33.284111+08:00", "level": "runtime", "action": "parser_finished", "project_id": "pdf1", "agent": "parser", "task_id": "parser-pdf1", "extra": {"success": true}}
{"timestamp": "2026-07-24T13:22:33.284881+08:00", "level": "runtime", "action": "parser_started", "project_id": "x", "agent": "parser", "task_id": "parser-x", "extra": {"input": "/Users/shijunteng/Desktop/图纸/InteriorDesignOS/examples/input/does_not_exist.dwg"}}
{"timestamp": "2026-07-24T13:22:33.285538+08:00", "level": "runtime", "action": "parser_started", "project_id": "empty1", "agent": "parser", "task_id": "parser-empty1", "extra": {"input": "/Users/shijunteng/Desktop/图纸/InteriorDesignOS/examples/input/empty_project/empty.txt"}}
{"timestamp": "2026-07-24T13:22:33.285648+08:00", "level": "runtime", "action": "input_loaded", "project_id": "empty1", "agent": "parser", "task_id": "parser-empty1", "extra": {"size": 0, "mime": "text/plain", "hash": "e3b0c44298fc"}}
{"timestamp": "2026-07-24T13:22:33.285698+08:00", "level": "runtime", "action": "input_type", "project_id": "empty1", "agent": "parser", "task_id": "parser-empty1", "extra": {"input_type": "TEXT"}}
{"timestamp": "2026-07-24T13:22:33.285807+08:00", "level": "runtime", "action": "schema_validation", "project_id": "empty1", "agent": "parser", "task_id": "parser-empty1"}
{"timestamp": "2026-07-24T13:22:33.286101+08:00", "level": "runtime", "action": "schema_validation_ok", "project_id": "empty1", "agent": "parser", "task_id": "parser-empty1"}
{"timestamp": "2026-07-24T13:22:33.286441+08:00", "level": "runtime", "action": "workspace_saved", "project_id": "empty1", "agent": "parser", "extra": {"path": "/private/var/folders/0g/qs_2dts56wv6c2ctndzz2txm0000gn/T/pytest-of-shijunteng/pytest-12/test_run_parser_empty_input0/ws/projects/empty1/original_model.json", "version": "v1"}}
{"timestamp": "2026-07-24T13:22:33.286603+08:00", "level": "runtime", "action": "checkpoint_saved", "project_id": "empty1", "agent": "parser", "extra": {"path": "/private/var/folders/0g/qs_2dts56wv6c2ctndzz2txm0000gn/T/pytest-of-shijunteng/pytest-12/test_run_parser_empty_input0/ws/projects/empty1/checkpoint_parser_v1.json", "checkpoint": "checkpoint_parser_v1.json"}}
{"timestamp": "2026-07-24T13:22:33.286649+08:00", "level": "runtime", "action": "parser_finished", "project_id": "empty1", "agent": "parser", "task_id": "parser-empty1", "extra": {"success": true}}
{"timestamp": "2026-07-24T13:24:36.803093+08:00", "level": "runtime", "action": "design_started", "project_id": "ds_test", "agent": "design", "task_id": "design-ds_test"}
{"timestamp": "2026-07-24T13:24:36.804254+08:00", "level": "runtime", "action": "schema_validation_ok", "project_id": "ds_test", "agent": "design", "task_id": "design-ds_test"}
{"timestamp": "2026-07-24T13:24:36.804327+08:00", "level": "runtime", "action": "design_finished", "project_id": "ds_test", "agent": "design", "task_id": "design-ds_test", "extra": {"success": true}}
{"timestamp": "2026-07-24T13:24:36.827731+08:00", "level": "runtime", "action": "parser_started", "project_id": "t1", "agent": "parser", "task_id": "parser-t1", "extra": {"input": "/Users/shijunteng/Desktop/图纸/InteriorDesignOS/examples/input/sample_json/sample.json"}}
{"timestamp": "2026-07-24T13:24:36.827917+08:00", "level": "runtime", "action": "input_loaded", "project_id": "t1", "agent": "parser", "task_id": "parser-t1", "extra": {"size": 1134, "mime": "application/json", "hash": "4a1b9feacf11"}}
{"timestamp": "2026-07-24T13:24:36.827981+08:00", "level": "runtime", "action": "input_type", "project_id": "t1", "agent": "parser", "task_id": "parser-t1", "extra": {"input_type": "TEXT"}}
{"timestamp": "2026-07-24T13:24:36.828133+08:00", "level": "runtime", "action": "schema_validation", "project_id": "t1", "agent": "parser", "task_id": "parser-t1"}
{"timestamp": "2026-07-24T13:24:36.828746+08:00", "level": "runtime", "action": "schema_validation_ok", "project_id": "t1", "agent": "parser", "task_id": "parser-t1"}
{"timestamp": "2026-07-24T13:24:36.829144+08:00", "level": "runtime", "action": "workspace_saved", "project_id": "t1", "agent": "parser", "extra": {"path": "/private/var/folders/0g/qs_2dts56wv6c2ctndzz2txm0000gn/T/pytest-of-shijunteng/pytest-13/test_run_parser_success_saves_0/ws/projects/t1/original_model.json", "version": "v1"}}
{"timestamp": "2026-07-24T13:24:36.829319+08:00", "level": "runtime", "action": "checkpoint_saved", "project_id": "t1", "agent": "parser", "extra": {"path": "/private/var/folders/0g/qs_2dts56wv6c2ctndzz2txm0000gn/T/pytest-of-shijunteng/pytest-13/test_run_parser_success_saves_0/ws/projects/t1/checkpoint_parser_v1.json", "checkpoint": "checkpoint_parser_v1.json"}}
{"timestamp": "2026-07-24T13:24:36.829366+08:00", "level": "runtime", "action": "parser_finished", "project_id": "t1", "agent": "parser", "task_id": "parser-t1", "extra": {"success": true}}
{"timestamp": "2026-07-24T13:24:36.830632+08:00", "level": "runtime", "action": "parser_started", "project_id": "img1", "agent": "parser", "task_id": "parser-img1", "extra": {"input": "/Users/shijunteng/Desktop/图纸/InteriorDesignOS/examples/input/sample_image/sample.png"}}
{"timestamp": "2026-07-24T13:24:36.830946+08:00", "level": "runtime", "action": "input_loaded", "project_id": "img1", "agent": "parser", "task_id": "parser-img1", "extra": {"size": 69, "mime": "image/png", "hash": "ae4055a4c637"}}
{"timestamp": "2026-07-24T13:24:36.831020+08:00", "level": "runtime", "action": "input_type", "project_id": "img1", "agent": "parser", "task_id": "parser-img1", "extra": {"input_type": "IMAGE"}}
{"timestamp": "2026-07-24T13:24:36.831121+08:00", "level": "runtime", "action": "schema_validation", "project_id": "img1", "agent": "parser", "task_id": "parser-img1"}
{"timestamp": "2026-07-24T13:24:36.831440+08:00", "level": "runtime", "action": "schema_validation_ok", "project_id": "img1", "agent": "parser", "task_id": "parser-img1"}
{"timestamp": "2026-07-24T13:24:36.831938+08:00", "level": "runtime", "action": "workspace_saved", "project_id": "img1", "agent": "parser", "extra": {"path": "/private/var/folders/0g/qs_2dts56wv6c2ctndzz2txm0000gn/T/pytest-of-shijunteng/pytest-13/test_run_parser_image_empty_ge0/ws/projects/img1/original_model.json", "version": "v1"}}
{"timestamp": "2026-07-24T13:24:36.832115+08:00", "level": "runtime", "action": "checkpoint_saved", "project_id": "img1", "agent": "parser", "extra": {"path": "/private/var/folders/0g/qs_2dts56wv6c2ctndzz2txm0000gn/T/pytest-of-shijunteng/pytest-13/test_run_parser_image_empty_ge0/ws/projects/img1/checkpoint_parser_v1.json", "checkpoint": "checkpoint_parser_v1.json"}}
{"timestamp": "2026-07-24T13:24:36.832167+08:00", "level": "runtime", "action": "parser_finished", "project_id": "img1", "agent": "parser", "task_id": "parser-img1", "extra": {"success": true}}
{"timestamp": "2026-07-24T13:24:36.833285+08:00", "level": "runtime", "action": "parser_started", "project_id": "pdf1", "agent": "parser", "task_id": "parser-pdf1", "extra": {"input": "/Users/shijunteng/Desktop/图纸/InteriorDesignOS/examples/input/sample_pdf/sample.pdf"}}
{"timestamp": "2026-07-24T13:24:36.833882+08:00", "level": "runtime", "action": "input_loaded", "project_id": "pdf1", "agent": "parser", "task_id": "parser-pdf1", "extra": {"size": 193, "mime": "application/pdf", "hash": "e5a636ac00ea"}}
{"timestamp": "2026-07-24T13:24:36.833982+08:00", "level": "runtime", "action": "input_type", "project_id": "pdf1", "agent": "parser", "task_id": "parser-pdf1", "extra": {"input_type": "PDF"}}
{"timestamp": "2026-07-24T13:24:36.834106+08:00", "level": "runtime", "action": "schema_validation", "project_id": "pdf1", "agent": "parser", "task_id": "parser-pdf1"}
{"timestamp": "2026-07-24T13:24:36.834473+08:00", "level": "runtime", "action": "schema_validation_ok", "project_id": "pdf1", "agent": "parser", "task_id": "parser-pdf1"}
{"timestamp": "2026-07-24T13:24:36.834894+08:00", "level": "runtime", "action": "workspace_saved", "project_id": "pdf1", "agent": "parser", "extra": {"path": "/private/var/folders/0g/qs_2dts56wv6c2ctndzz2txm0000gn/T/pytest-of-shijunteng/pytest-13/test_run_parser_pdf_empty_geom0/ws/projects/pdf1/original_model.json", "version": "v1"}}
{"timestamp": "2026-07-24T13:24:36.835076+08:00", "level": "runtime", "action": "checkpoint_saved", "project_id": "pdf1", "agent": "parser", "extra": {"path": "/private/var/folders/0g/qs_2dts56wv6c2ctndzz2txm0000gn/T/pytest-of-shijunteng/pytest-13/test_run_parser_pdf_empty_geom0/ws/projects/pdf1/checkpoint_parser_v1.json", "checkpoint": "checkpoint_parser_v1.json"}}
{"timestamp": "2026-07-24T13:24:36.835124+08:00", "level": "runtime", "action": "parser_finished", "project_id": "pdf1", "agent": "parser", "task_id": "parser-pdf1", "extra": {"success": true}}
{"timestamp": "2026-07-24T13:24:36.836307+08:00", "level": "runtime", "action": "parser_started", "project_id": "x", "agent": "parser", "task_id": "parser-x", "extra": {"input": "/Users/shijunteng/Desktop/图纸/InteriorDesignOS/examples/input/does_not_exist.dwg"}}
{"timestamp": "2026-07-24T13:24:36.836970+08:00", "level": "runtime", "action": "parser_started", "project_id": "empty1", "agent": "parser", "task_id": "parser-empty1", "extra": {"input": "/Users/shijunteng/Desktop/图纸/InteriorDesignOS/examples/input/empty_project/empty.txt"}}
{"timestamp": "2026-07-24T13:24:36.837071+08:00", "level": "runtime", "action": "input_loaded", "project_id": "empty1", "agent": "parser", "task_id": "parser-empty1", "extra": {"size": 0, "mime": "text/plain", "hash": "e3b0c44298fc"}}
{"timestamp": "2026-07-24T13:24:36.837131+08:00", "level": "runtime", "action": "input_type", "project_id": "empty1", "agent": "parser", "task_id": "parser-empty1", "extra": {"input_type": "TEXT"}}
{"timestamp": "2026-07-24T13:24:36.837248+08:00", "level": "runtime", "action": "schema_validation", "project_id": "empty1", "agent": "parser", "task_id": "parser-empty1"}
{"timestamp": "2026-07-24T13:24:36.837558+08:00", "level": "runtime", "action": "schema_validation_ok", "project_id": "empty1", "agent": "parser", "task_id": "parser-empty1"}
{"timestamp": "2026-07-24T13:24:36.837903+08:00", "level": "runtime", "action": "workspace_saved", "project_id": "empty1", "agent": "parser", "extra": {"path": "/private/var/folders/0g/qs_2dts56wv6c2ctndzz2txm0000gn/T/pytest-of-shijunteng/pytest-13/test_run_parser_empty_input0/ws/projects/empty1/original_model.json", "version": "v1"}}
{"timestamp": "2026-07-24T13:24:36.838071+08:00", "level": "runtime", "action": "checkpoint_saved", "project_id": "empty1", "agent": "parser", "extra": {"path": "/private/var/folders/0g/qs_2dts56wv6c2ctndzz2txm0000gn/T/pytest-of-shijunteng/pytest-13/test_run_parser_empty_input0/ws/projects/empty1/checkpoint_parser_v1.json", "checkpoint": "checkpoint_parser_v1.json"}}
{"timestamp": "2026-07-24T13:24:36.838115+08:00", "level": "runtime", "action": "parser_finished", "project_id": "empty1", "agent": "parser", "task_id": "parser-empty1", "extra": {"success": true}}
{"timestamp": "2026-07-24T13:24:37.286843+08:00", "level": "runtime", "action": "project_state_changed", "project_id": "p51check", "extra": {"from_state": "CREATED", "to_state": "INITIALIZING"}}
{"timestamp": "2026-07-24T13:24:37.287067+08:00", "level": "runtime", "action": "project_state_changed", "project_id": "p51check", "extra": {"from_state": "INITIALIZING", "to_state": "RUNNING"}}
{"timestamp": "2026-07-24T13:24:37.287567+08:00", "level": "runtime", "action": "stage_started", "project_id": "p51check", "stage": "PROFESSIONAL_DEEPENING", "extra": {"disciplines": "electrical,plumbing,lighting,ceiling,flooring,hvac,construction,furniture"}}
{"timestamp": "2026-07-24T13:24:37.307801+08:00", "level": "runtime", "action": "professional_model_generated", "project_id": "p51check", "agent": "electrical", "task_id": "professional-electrical-p51check", "extra": {"objects": 26}}
{"timestamp": "2026-07-24T13:24:37.308800+08:00", "level": "runtime", "action": "professional_model_generated", "project_id": "p51check", "agent": "plumbing", "task_id": "professional-plumbing-p51check", "extra": {"objects": 6}}
{"timestamp": "2026-07-24T13:24:37.310216+08:00", "level": "runtime", "action": "professional_model_generated", "project_id": "p51check", "agent": "ceiling", "task_id": "professional-ceiling-p51check", "extra": {"objects": 11}}
{"timestamp": "2026-07-24T13:24:37.311512+08:00", "level": "runtime", "action": "professional_model_generated", "project_id": "p51check", "agent": "flooring", "task_id": "professional-flooring-p51check", "extra": {"objects": 12}}
{"timestamp": "2026-07-24T13:24:37.313114+08:00", "level": "runtime", "action": "professional_model_generated", "project_id": "p51check", "agent": "lighting", "task_id": "professional-lighting-p51check", "extra": {"objects": 15}}
{"timestamp": "2026-07-24T13:24:37.314504+08:00", "level": "runtime", "action": "professional_model_generated", "project_id": "p51check", "agent": "hvac", "task_id": "professional-hvac-p51check", "extra": {"objects": 11}}
{"timestamp": "2026-07-24T13:24:37.315344+08:00", "level": "runtime", "action": "professional_model_generated", "project_id": "p51check", "agent": "furniture", "task_id": "professional-furniture-p51check", "extra": {"objects": 12}}
{"timestamp": "2026-07-24T13:24:37.315801+08:00", "level": "runtime", "action": "professional_model_generated", "project_id": "p51check", "agent": "construction", "task_id": "professional-construction-p51check", "extra": {"objects": 7}}
{"timestamp": "2026-07-24T13:24:37.315847+08:00", "level": "runtime", "action": "professional_model_exported", "project_id": "p51check", "agent": "plumbing", "extra": {"path": "/Users/shijunteng/Desktop/图纸/InteriorDesignOS/workspace/projects/p51check/professional/plumbing_model.json"}}
{"timestamp": "2026-07-24T13:24:37.314744+08:00", "level": "runtime", "action": "professional_model_exported", "project_id": "p51check", "agent": "electrical", "extra": {"path": "/Users/shijunteng/Desktop/图纸/InteriorDesignOS/workspace/projects/p51check/professional/electrical_model.json"}}
{"timestamp": "2026-07-24T13:24:37.316980+08:00", "level": "runtime", "action": "professional_model_exported", "project_id": "p51check", "agent": "flooring", "extra": {"path": "/Users/shijunteng/Desktop/图纸/InteriorDesignOS/workspace/projects/p51check/professional/flooring_model.json"}}
{"timestamp": "2026-07-24T13:24:37.317186+08:00", "level": "runtime", "action": "professional_model_exported", "project_id": "p51check", "agent": "lighting", "extra": {"path": "/Users/shijunteng/Desktop/图纸/InteriorDesignOS/workspace/projects/p51check/professional/lighting_model.json"}}
{"timestamp": "2026-07-24T13:24:37.317422+08:00", "level": "runtime", "action": "professional_model_exported", "project_id": "p51check", "agent": "ceiling", "extra": {"path": "/Users/shijunteng/Desktop/图纸/InteriorDesignOS/workspace/projects/p51check/professional/ceiling_model.json"}}
{"timestamp": "2026-07-24T13:24:37.317744+08:00", "level": "runtime", "action": "professional_model_exported", "project_id": "p51check", "agent": "furniture", "extra": {"path": "/Users/shijunteng/Desktop/图纸/InteriorDesignOS/workspace/projects/p51check/professional/furniture_model.json"}}
{"timestamp": "2026-07-24T13:24:37.318210+08:00", "level": "runtime", "action": "professional_model_exported", "project_id": "p51check", "agent": "construction", "extra": {"path": "/Users/shijunteng/Desktop/图纸/InteriorDesignOS/workspace/projects/p51check/professional/construction_model.json"}}
{"timestamp": "2026-07-24T13:24:37.318235+08:00", "level": "runtime", "action": "professional_model_exported", "project_id": "p51check", "agent": "hvac", "extra": {"path": "/Users/shijunteng/Desktop/图纸/InteriorDesignOS/workspace/projects/p51check/professional/hvac_model.json"}}
{"timestamp": "2026-07-24T13:24:37.324174+08:00", "level": "runtime", "action": "project_state_changed", "project_id": "p51check", "extra": {"from_state": "RUNNING", "to_state": "COMPLETED"}}
{"timestamp": "2026-07-24T13:39:46.141294+08:00", "level": "runtime", "action": "design_started", "project_id": "ds_test", "agent": "design", "task_id": "design-ds_test"}
{"timestamp": "2026-07-24T13:39:46.142254+08:00", "level": "runtime", "action": "schema_validation_ok", "project_id": "ds_test", "agent": "design", "task_id": "design-ds_test"}
{"timestamp": "2026-07-24T13:39:46.142312+08:00", "level": "runtime", "action": "design_finished", "project_id": "ds_test", "agent": "design", "task_id": "design-ds_test", "extra": {"success": true}}
{"timestamp": "2026-07-24T13:39:46.162872+08:00", "level": "runtime", "action": "parser_started", "project_id": "t1", "agent": "parser", "task_id": "parser-t1", "extra": {"input": "/Users/shijunteng/Desktop/图纸/InteriorDesignOS/examples/input/sample_json/sample.json"}}
{"timestamp": "2026-07-24T13:39:46.162982+08:00", "level": "runtime", "action": "input_loaded", "project_id": "t1", "agent": "parser", "task_id": "parser-t1", "extra": {"size": 1134, "mime": "application/json", "hash": "4a1b9feacf11"}}
{"timestamp": "2026-07-24T13:39:46.163031+08:00", "level": "runtime", "action": "input_type", "project_id": "t1", "agent": "parser", "task_id": "parser-t1", "extra": {"input_type": "TEXT"}}
{"timestamp": "2026-07-24T13:39:46.163149+08:00", "level": "runtime", "action": "schema_validation", "project_id": "t1", "agent": "parser", "task_id": "parser-t1"}
{"timestamp": "2026-07-24T13:39:46.163687+08:00", "level": "runtime", "action": "schema_validation_ok", "project_id": "t1", "agent": "parser", "task_id": "parser-t1"}
{"timestamp": "2026-07-24T13:39:46.164042+08:00", "level": "runtime", "action": "workspace_saved", "project_id": "t1", "agent": "parser", "extra": {"path": "/private/var/folders/0g/qs_2dts56wv6c2ctndzz2txm0000gn/T/pytest-of-shijunteng/pytest-14/test_run_parser_success_saves_0/ws/projects/t1/original_model.json", "version": "v1"}}
{"timestamp": "2026-07-24T13:39:46.164214+08:00", "level": "runtime", "action": "checkpoint_saved", "project_id": "t1", "agent": "parser", "extra": {"path": "/private/var/folders/0g/qs_2dts56wv6c2ctndzz2txm0000gn/T/pytest-of-shijunteng/pytest-14/test_run_parser_success_saves_0/ws/projects/t1/checkpoint_parser_v1.json", "checkpoint": "checkpoint_parser_v1.json"}}
{"timestamp": "2026-07-24T13:39:46.164258+08:00", "level": "runtime", "action": "parser_finished", "project_id": "t1", "agent": "parser", "task_id": "parser-t1", "extra": {"success": true}}
{"timestamp": "2026-07-24T13:39:46.165729+08:00", "level": "runtime", "action": "parser_started", "project_id": "img1", "agent": "parser", "task_id": "parser-img1", "extra": {"input": "/Users/shijunteng/Desktop/图纸/InteriorDesignOS/examples/input/sample_image/sample.png"}}
{"timestamp": "2026-07-24T13:39:46.165966+08:00", "level": "runtime", "action": "input_loaded", "project_id": "img1", "agent": "parser", "task_id": "parser-img1", "extra": {"size": 69, "mime": "image/png", "hash": "ae4055a4c637"}}
{"timestamp": "2026-07-24T13:39:46.166032+08:00", "level": "runtime", "action": "input_type", "project_id": "img1", "agent": "parser", "task_id": "parser-img1", "extra": {"input_type": "IMAGE"}}
{"timestamp": "2026-07-24T13:39:46.166134+08:00", "level": "runtime", "action": "schema_validation", "project_id": "img1", "agent": "parser", "task_id": "parser-img1"}
{"timestamp": "2026-07-24T13:39:46.166418+08:00", "level": "runtime", "action": "schema_validation_ok", "project_id": "img1", "agent": "parser", "task_id": "parser-img1"}
{"timestamp": "2026-07-24T13:39:46.166766+08:00", "level": "runtime", "action": "workspace_saved", "project_id": "img1", "agent": "parser", "extra": {"path": "/private/var/folders/0g/qs_2dts56wv6c2ctndzz2txm0000gn/T/pytest-of-shijunteng/pytest-14/test_run_parser_image_empty_ge0/ws/projects/img1/original_model.json", "version": "v1"}}
{"timestamp": "2026-07-24T13:39:46.167008+08:00", "level": "runtime", "action": "checkpoint_saved", "project_id": "img1", "agent": "parser", "extra": {"path": "/private/var/folders/0g/qs_2dts56wv6c2ctndzz2txm0000gn/T/pytest-of-shijunteng/pytest-14/test_run_parser_image_empty_ge0/ws/projects/img1/checkpoint_parser_v1.json", "checkpoint": "checkpoint_parser_v1.json"}}
{"timestamp": "2026-07-24T13:39:46.167058+08:00", "level": "runtime", "action": "parser_finished", "project_id": "img1", "agent": "parser", "task_id": "parser-img1", "extra": {"success": true}}
{"timestamp": "2026-07-24T13:39:46.168326+08:00", "level": "runtime", "action": "parser_started", "project_id": "pdf1", "agent": "parser", "task_id": "parser-pdf1", "extra": {"input": "/Users/shijunteng/Desktop/图纸/InteriorDesignOS/examples/input/sample_pdf/sample.pdf"}}
{"timestamp": "2026-07-24T13:39:46.168481+08:00", "level": "runtime", "action": "input_loaded", "project_id": "pdf1", "agent": "parser", "task_id": "parser-pdf1", "extra": {"size": 193, "mime": "application/pdf", "hash": "e5a636ac00ea"}}
{"timestamp": "2026-07-24T13:39:46.168528+08:00", "level": "runtime", "action": "input_type", "project_id": "pdf1", "agent": "parser", "task_id": "parser-pdf1", "extra": {"input_type": "PDF"}}
{"timestamp": "2026-07-24T13:39:46.168610+08:00", "level": "runtime", "action": "schema_validation", "project_id": "pdf1", "agent": "parser", "task_id": "parser-pdf1"}
{"timestamp": "2026-07-24T13:39:46.169974+08:00", "level": "runtime", "action": "schema_validation_ok", "project_id": "pdf1", "agent": "parser", "task_id": "parser-pdf1"}
{"timestamp": "2026-07-24T13:39:46.170983+08:00", "level": "runtime", "action": "workspace_saved", "project_id": "pdf1", "agent": "parser", "extra": {"path": "/private/var/folders/0g/qs_2dts56wv6c2ctndzz2txm0000gn/T/pytest-of-shijunteng/pytest-14/test_run_parser_pdf_empty_geom0/ws/projects/pdf1/original_model.json", "version": "v1"}}
{"timestamp": "2026-07-24T13:39:46.171318+08:00", "level": "runtime", "action": "checkpoint_saved", "project_id": "pdf1", "agent": "parser", "extra": {"path": "/private/var/folders/0g/qs_2dts56wv6c2ctndzz2txm0000gn/T/pytest-of-shijunteng/pytest-14/test_run_parser_pdf_empty_geom0/ws/projects/pdf1/checkpoint_parser_v1.json", "checkpoint": "checkpoint_parser_v1.json"}}
{"timestamp": "2026-07-24T13:39:46.171370+08:00", "level": "runtime", "action": "parser_finished", "project_id": "pdf1", "agent": "parser", "task_id": "parser-pdf1", "extra": {"success": true}}
{"timestamp": "2026-07-24T13:39:46.172530+08:00", "level": "runtime", "action": "parser_started", "project_id": "x", "agent": "parser", "task_id": "parser-x", "extra": {"input": "/Users/shijunteng/Desktop/图纸/InteriorDesignOS/examples/input/does_not_exist.dwg"}}
{"timestamp": "2026-07-24T13:39:46.173291+08:00", "level": "runtime", "action": "parser_started", "project_id": "empty1", "agent": "parser", "task_id": "parser-empty1", "extra": {"input": "/Users/shijunteng/Desktop/图纸/InteriorDesignOS/examples/input/empty_project/empty.txt"}}
{"timestamp": "2026-07-24T13:39:46.173422+08:00", "level": "runtime", "action": "input_loaded", "project_id": "empty1", "agent": "parser", "task_id": "parser-empty1", "extra": {"size": 0, "mime": "text/plain", "hash": "e3b0c44298fc"}}
{"timestamp": "2026-07-24T13:39:46.173470+08:00", "level": "runtime", "action": "input_type", "project_id": "empty1", "agent": "parser", "task_id": "parser-empty1", "extra": {"input_type": "TEXT"}}
{"timestamp": "2026-07-24T13:39:46.173579+08:00", "level": "runtime", "action": "schema_validation", "project_id": "empty1", "agent": "parser", "task_id": "parser-empty1"}
{"timestamp": "2026-07-24T13:39:46.173915+08:00", "level": "runtime", "action": "schema_validation_ok", "project_id": "empty1", "agent": "parser", "task_id": "parser-empty1"}
{"timestamp": "2026-07-24T13:39:46.174441+08:00", "level": "runtime", "action": "workspace_saved", "project_id": "empty1", "agent": "parser", "extra": {"path": "/private/var/folders/0g/qs_2dts56wv6c2ctndzz2txm0000gn/T/pytest-of-shijunteng/pytest-14/test_run_parser_empty_input0/ws/projects/empty1/original_model.json", "version": "v1"}}
{"timestamp": "2026-07-24T13:39:46.174611+08:00", "level": "runtime", "action": "checkpoint_saved", "project_id": "empty1", "agent": "parser", "extra": {"path": "/private/var/folders/0g/qs_2dts56wv6c2ctndzz2txm0000gn/T/pytest-of-shijunteng/pytest-14/test_run_parser_empty_input0/ws/projects/empty1/checkpoint_parser_v1.json", "checkpoint": "checkpoint_parser_v1.json"}}
{"timestamp": "2026-07-24T13:39:46.174655+08:00", "level": "runtime", "action": "parser_finished", "project_id": "empty1", "agent": "parser", "task_id": "parser-empty1", "extra": {"success": true}}
{"timestamp": "2026-07-24T13:40:38.540801+08:00", "level": "runtime", "action": "design_started", "project_id": "ds_test", "agent": "design", "task_id": "design-ds_test"}
{"timestamp": "2026-07-24T13:40:38.542051+08:00", "level": "runtime", "action": "schema_validation_ok", "project_id": "ds_test", "agent": "design", "task_id": "design-ds_test"}
{"timestamp": "2026-07-24T13:40:38.542127+08:00", "level": "runtime", "action": "design_finished", "project_id": "ds_test", "agent": "design", "task_id": "design-ds_test", "extra": {"success": true}}
{"timestamp": "2026-07-24T13:40:38.573342+08:00", "level": "runtime", "action": "parser_started", "project_id": "t1", "agent": "parser", "task_id": "parser-t1", "extra": {"input": "/Users/shijunteng/Desktop/图纸/InteriorDesignOS/examples/input/sample_json/sample.json"}}
{"timestamp": "2026-07-24T13:40:38.573516+08:00", "level": "runtime", "action": "input_loaded", "project_id": "t1", "agent": "parser", "task_id": "parser-t1", "extra": {"size": 1134, "mime": "application/json", "hash": "4a1b9feacf11"}}
{"timestamp": "2026-07-24T13:40:38.573572+08:00", "level": "runtime", "action": "input_type", "project_id": "t1", "agent": "parser", "task_id": "parser-t1", "extra": {"input_type": "TEXT"}}
{"timestamp": "2026-07-24T13:40:38.573720+08:00", "level": "runtime", "action": "schema_validation", "project_id": "t1", "agent": "parser", "task_id": "parser-t1"}
{"timestamp": "2026-07-24T13:40:38.574369+08:00", "level": "runtime", "action": "schema_validation_ok", "project_id": "t1", "agent": "parser", "task_id": "parser-t1"}
{"timestamp": "2026-07-24T13:40:38.574853+08:00", "level": "runtime", "action": "workspace_saved", "project_id": "t1", "agent": "parser", "extra": {"path": "/private/var/folders/0g/qs_2dts56wv6c2ctndzz2txm0000gn/T/pytest-of-shijunteng/pytest-15/test_run_parser_success_saves_0/ws/projects/t1/original_model.json", "version": "v1"}}
{"timestamp": "2026-07-24T13:40:38.575055+08:00", "level": "runtime", "action": "checkpoint_saved", "project_id": "t1", "agent": "parser", "extra": {"path": "/private/var/folders/0g/qs_2dts56wv6c2ctndzz2txm0000gn/T/pytest-of-shijunteng/pytest-15/test_run_parser_success_saves_0/ws/projects/t1/checkpoint_parser_v1.json", "checkpoint": "checkpoint_parser_v1.json"}}
{"timestamp": "2026-07-24T13:40:38.575109+08:00", "level": "runtime", "action": "parser_finished", "project_id": "t1", "agent": "parser", "task_id": "parser-t1", "extra": {"success": true}}
{"timestamp": "2026-07-24T13:40:38.576670+08:00", "level": "runtime", "action": "parser_started", "project_id": "img1", "agent": "parser", "task_id": "parser-img1", "extra": {"input": "/Users/shijunteng/Desktop/图纸/InteriorDesignOS/examples/input/sample_image/sample.png"}}
{"timestamp": "2026-07-24T13:40:38.576891+08:00", "level": "runtime", "action": "input_loaded", "project_id": "img1", "agent": "parser", "task_id": "parser-img1", "extra": {"size": 69, "mime": "image/png", "hash": "ae4055a4c637"}}
{"timestamp": "2026-07-24T13:40:38.576947+08:00", "level": "runtime", "action": "input_type", "project_id": "img1", "agent": "parser", "task_id": "parser-img1", "extra": {"input_type": "IMAGE"}}
{"timestamp": "2026-07-24T13:40:38.577036+08:00", "level": "runtime", "action": "schema_validation", "project_id": "img1", "agent": "parser", "task_id": "parser-img1"}
{"timestamp": "2026-07-24T13:40:38.577350+08:00", "level": "runtime", "action": "schema_validation_ok", "project_id": "img1", "agent": "parser", "task_id": "parser-img1"}
{"timestamp": "2026-07-24T13:40:38.577725+08:00", "level": "runtime", "action": "workspace_saved", "project_id": "img1", "agent": "parser", "extra": {"path": "/private/var/folders/0g/qs_2dts56wv6c2ctndzz2txm0000gn/T/pytest-of-shijunteng/pytest-15/test_run_parser_image_empty_ge0/ws/projects/img1/original_model.json", "version": "v1"}}
{"timestamp": "2026-07-24T13:40:38.577894+08:00", "level": "runtime", "action": "checkpoint_saved", "project_id": "img1", "agent": "parser", "extra": {"path": "/private/var/folders/0g/qs_2dts56wv6c2ctndzz2txm0000gn/T/pytest-of-shijunteng/pytest-15/test_run_parser_image_empty_ge0/ws/projects/img1/checkpoint_parser_v1.json", "checkpoint": "checkpoint_parser_v1.json"}}
{"timestamp": "2026-07-24T13:40:38.577949+08:00", "level": "runtime", "action": "parser_finished", "project_id": "img1", "agent": "parser", "task_id": "parser-img1", "extra": {"success": true}}
{"timestamp": "2026-07-24T13:40:38.579109+08:00", "level": "runtime", "action": "parser_started", "project_id": "pdf1", "agent": "parser", "task_id": "parser-pdf1", "extra": {"input": "/Users/shijunteng/Desktop/图纸/InteriorDesignOS/examples/input/sample_pdf/sample.pdf"}}
{"timestamp": "2026-07-24T13:40:38.579361+08:00", "level": "runtime", "action": "input_loaded", "project_id": "pdf1", "agent": "parser", "task_id": "parser-pdf1", "extra": {"size": 193, "mime": "application/pdf", "hash": "e5a636ac00ea"}}
{"timestamp": "2026-07-24T13:40:38.579410+08:00", "level": "runtime", "action": "input_type", "project_id": "pdf1", "agent": "parser", "task_id": "parser-pdf1", "extra": {"input_type": "PDF"}}
{"timestamp": "2026-07-24T13:40:38.579493+08:00", "level": "runtime", "action": "schema_validation", "project_id": "pdf1", "agent": "parser", "task_id": "parser-pdf1"}
{"timestamp": "2026-07-24T13:40:38.579798+08:00", "level": "runtime", "action": "schema_validation_ok", "project_id": "pdf1", "agent": "parser", "task_id": "parser-pdf1"}
{"timestamp": "2026-07-24T13:40:38.580133+08:00", "level": "runtime", "action": "workspace_saved", "project_id": "pdf1", "agent": "parser", "extra": {"path": "/private/var/folders/0g/qs_2dts56wv6c2ctndzz2txm0000gn/T/pytest-of-shijunteng/pytest-15/test_run_parser_pdf_empty_geom0/ws/projects/pdf1/original_model.json", "version": "v1"}}
{"timestamp": "2026-07-24T13:40:38.580291+08:00", "level": "runtime", "action": "checkpoint_saved", "project_id": "pdf1", "agent": "parser", "extra": {"path": "/private/var/folders/0g/qs_2dts56wv6c2ctndzz2txm0000gn/T/pytest-of-shijunteng/pytest-15/test_run_parser_pdf_empty_geom0/ws/projects/pdf1/checkpoint_parser_v1.json", "checkpoint": "checkpoint_parser_v1.json"}}
{"timestamp": "2026-07-24T13:40:38.580334+08:00", "level": "runtime", "action": "parser_finished", "project_id": "pdf1", "agent": "parser", "task_id": "parser-pdf1", "extra": {"success": true}}
{"timestamp": "2026-07-24T13:40:38.581222+08:00", "level": "runtime", "action": "parser_started", "project_id": "x", "agent": "parser", "task_id": "parser-x", "extra": {"input": "/Users/shijunteng/Desktop/图纸/InteriorDesignOS/examples/input/does_not_exist.dwg"}}
{"timestamp": "2026-07-24T13:40:38.581879+08:00", "level": "runtime", "action": "parser_started", "project_id": "empty1", "agent": "parser", "task_id": "parser-empty1", "extra": {"input": "/Users/shijunteng/Desktop/图纸/InteriorDesignOS/examples/input/empty_project/empty.txt"}}
{"timestamp": "2026-07-24T13:40:38.581977+08:00", "level": "runtime", "action": "input_loaded", "project_id": "empty1", "agent": "parser", "task_id": "parser-empty1", "extra": {"size": 0, "mime": "text/plain", "hash": "e3b0c44298fc"}}
{"timestamp": "2026-07-24T13:40:38.582022+08:00", "level": "runtime", "action": "input_type", "project_id": "empty1", "agent": "parser", "task_id": "parser-empty1", "extra": {"input_type": "TEXT"}}
{"timestamp": "2026-07-24T13:40:38.582120+08:00", "level": "runtime", "action": "schema_validation", "project_id": "empty1", "agent": "parser", "task_id": "parser-empty1"}
{"timestamp": "2026-07-24T13:40:38.582409+08:00", "level": "runtime", "action": "schema_validation_ok", "project_id": "empty1", "agent": "parser", "task_id": "parser-empty1"}
{"timestamp": "2026-07-24T13:40:38.582758+08:00", "level": "runtime", "action": "workspace_saved", "project_id": "empty1", "agent": "parser", "extra": {"path": "/private/var/folders/0g/qs_2dts56wv6c2ctndzz2txm0000gn/T/pytest-of-shijunteng/pytest-15/test_run_parser_empty_input0/ws/projects/empty1/original_model.json", "version": "v1"}}
{"timestamp": "2026-07-24T13:40:38.582933+08:00", "level": "runtime", "action": "checkpoint_saved", "project_id": "empty1", "agent": "parser", "extra": {"path": "/private/var/folders/0g/qs_2dts56wv6c2ctndzz2txm0000gn/T/pytest-of-shijunteng/pytest-15/test_run_parser_empty_input0/ws/projects/empty1/checkpoint_parser_v1.json", "checkpoint": "checkpoint_parser_v1.json"}}
{"timestamp": "2026-07-24T13:40:38.582985+08:00", "level": "runtime", "action": "parser_finished", "project_id": "empty1", "agent": "parser", "task_id": "parser-empty1", "extra": {"success": true}}
{"timestamp": "2026-07-24T13:41:00.079212+08:00", "level": "runtime", "action": "design_started", "project_id": "ds_test", "agent": "design", "task_id": "design-ds_test"}
{"timestamp": "2026-07-24T13:41:00.080070+08:00", "level": "runtime", "action": "schema_validation_ok", "project_id": "ds_test", "agent": "design", "task_id": "design-ds_test"}
{"timestamp": "2026-07-24T13:41:00.080120+08:00", "level": "runtime", "action": "design_finished", "project_id": "ds_test", "agent": "design", "task_id": "design-ds_test", "extra": {"success": true}}
{"timestamp": "2026-07-24T13:41:00.098476+08:00", "level": "runtime", "action": "parser_started", "project_id": "t1", "agent": "parser", "task_id": "parser-t1", "extra": {"input": "/Users/shijunteng/Desktop/图纸/InteriorDesignOS/examples/input/sample_json/sample.json"}}
{"timestamp": "2026-07-24T13:41:00.098583+08:00", "level": "runtime", "action": "input_loaded", "project_id": "t1", "agent": "parser", "task_id": "parser-t1", "extra": {"size": 1134, "mime": "application/json", "hash": "4a1b9feacf11"}}
{"timestamp": "2026-07-24T13:41:00.098629+08:00", "level": "runtime", "action": "input_type", "project_id": "t1", "agent": "parser", "task_id": "parser-t1", "extra": {"input_type": "TEXT"}}
{"timestamp": "2026-07-24T13:41:00.098744+08:00", "level": "runtime", "action": "schema_validation", "project_id": "t1", "agent": "parser", "task_id": "parser-t1"}
{"timestamp": "2026-07-24T13:41:00.099262+08:00", "level": "runtime", "action": "schema_validation_ok", "project_id": "t1", "agent": "parser", "task_id": "parser-t1"}
{"timestamp": "2026-07-24T13:41:00.099614+08:00", "level": "runtime", "action": "workspace_saved", "project_id": "t1", "agent": "parser", "extra": {"path": "/private/var/folders/0g/qs_2dts56wv6c2ctndzz2txm0000gn/T/pytest-of-shijunteng/pytest-16/test_run_parser_success_saves_0/ws/projects/t1/original_model.json", "version": "v1"}}
{"timestamp": "2026-07-24T13:41:00.099783+08:00", "level": "runtime", "action": "checkpoint_saved", "project_id": "t1", "agent": "parser", "extra": {"path": "/private/var/folders/0g/qs_2dts56wv6c2ctndzz2txm0000gn/T/pytest-of-shijunteng/pytest-16/test_run_parser_success_saves_0/ws/projects/t1/checkpoint_parser_v1.json", "checkpoint": "checkpoint_parser_v1.json"}}
{"timestamp": "2026-07-24T13:41:00.099825+08:00", "level": "runtime", "action": "parser_finished", "project_id": "t1", "agent": "parser", "task_id": "parser-t1", "extra": {"success": true}}
{"timestamp": "2026-07-24T13:41:00.102480+08:00", "level": "runtime", "action": "parser_started", "project_id": "img1", "agent": "parser", "task_id": "parser-img1", "extra": {"input": "/Users/shijunteng/Desktop/图纸/InteriorDesignOS/examples/input/sample_image/sample.png"}}
{"timestamp": "2026-07-24T13:41:00.102934+08:00", "level": "runtime", "action": "input_loaded", "project_id": "img1", "agent": "parser", "task_id": "parser-img1", "extra": {"size": 69, "mime": "image/png", "hash": "ae4055a4c637"}}
{"timestamp": "2026-07-24T13:41:00.103024+08:00", "level": "runtime", "action": "input_type", "project_id": "img1", "agent": "parser", "task_id": "parser-img1", "extra": {"input_type": "IMAGE"}}
{"timestamp": "2026-07-24T13:41:00.103137+08:00", "level": "runtime", "action": "schema_validation", "project_id": "img1", "agent": "parser", "task_id": "parser-img1"}
{"timestamp": "2026-07-24T13:41:00.103508+08:00", "level": "runtime", "action": "schema_validation_ok", "project_id": "img1", "agent": "parser", "task_id": "parser-img1"}
{"timestamp": "2026-07-24T13:41:00.103947+08:00", "level": "runtime", "action": "workspace_saved", "project_id": "img1", "agent": "parser", "extra": {"path": "/private/var/folders/0g/qs_2dts56wv6c2ctndzz2txm0000gn/T/pytest-of-shijunteng/pytest-16/test_run_parser_image_empty_ge0/ws/projects/img1/original_model.json", "version": "v1"}}
{"timestamp": "2026-07-24T13:41:00.104129+08:00", "level": "runtime", "action": "checkpoint_saved", "project_id": "img1", "agent": "parser", "extra": {"path": "/private/var/folders/0g/qs_2dts56wv6c2ctndzz2txm0000gn/T/pytest-of-shijunteng/pytest-16/test_run_parser_image_empty_ge0/ws/projects/img1/checkpoint_parser_v1.json", "checkpoint": "checkpoint_parser_v1.json"}}
{"timestamp": "2026-07-24T13:41:00.104175+08:00", "level": "runtime", "action": "parser_finished", "project_id": "img1", "agent": "parser", "task_id": "parser-img1", "extra": {"success": true}}
{"timestamp": "2026-07-24T13:41:00.105354+08:00", "level": "runtime", "action": "parser_started", "project_id": "pdf1", "agent": "parser", "task_id": "parser-pdf1", "extra": {"input": "/Users/shijunteng/Desktop/图纸/InteriorDesignOS/examples/input/sample_pdf/sample.pdf"}}
{"timestamp": "2026-07-24T13:41:00.105605+08:00", "level": "runtime", "action": "input_loaded", "project_id": "pdf1", "agent": "parser", "task_id": "parser-pdf1", "extra": {"size": 193, "mime": "application/pdf", "hash": "e5a636ac00ea"}}
{"timestamp": "2026-07-24T13:41:00.105657+08:00", "level": "runtime", "action": "input_type", "project_id": "pdf1", "agent": "parser", "task_id": "parser-pdf1", "extra": {"input_type": "PDF"}}
{"timestamp": "2026-07-24T13:41:00.105742+08:00", "level": "runtime", "action": "schema_validation", "project_id": "pdf1", "agent": "parser", "task_id": "parser-pdf1"}
{"timestamp": "2026-07-24T13:41:00.106019+08:00", "level": "runtime", "action": "schema_validation_ok", "project_id": "pdf1", "agent": "parser", "task_id": "parser-pdf1"}
{"timestamp": "2026-07-24T13:41:00.106348+08:00", "level": "runtime", "action": "workspace_saved", "project_id": "pdf1", "agent": "parser", "extra": {"path": "/private/var/folders/0g/qs_2dts56wv6c2ctndzz2txm0000gn/T/pytest-of-shijunteng/pytest-16/test_run_parser_pdf_empty_geom0/ws/projects/pdf1/original_model.json", "version": "v1"}}
{"timestamp": "2026-07-24T13:41:00.106509+08:00", "level": "runtime", "action": "checkpoint_saved", "project_id": "pdf1", "agent": "parser", "extra": {"path": "/private/var/folders/0g/qs_2dts56wv6c2ctndzz2txm0000gn/T/pytest-of-shijunteng/pytest-16/test_run_parser_pdf_empty_geom0/ws/projects/pdf1/checkpoint_parser_v1.json", "checkpoint": "checkpoint_parser_v1.json"}}
{"timestamp": "2026-07-24T13:41:00.106552+08:00", "level": "runtime", "action": "parser_finished", "project_id": "pdf1", "agent": "parser", "task_id": "parser-pdf1", "extra": {"success": true}}
{"timestamp": "2026-07-24T13:41:00.107308+08:00", "level": "runtime", "action": "parser_started", "project_id": "x", "agent": "parser", "task_id": "parser-x", "extra": {"input": "/Users/shijunteng/Desktop/图纸/InteriorDesignOS/examples/input/does_not_exist.dwg"}}
{"timestamp": "2026-07-24T13:41:00.107950+08:00", "level": "runtime", "action": "parser_started", "project_id": "empty1", "agent": "parser", "task_id": "parser-empty1", "extra": {"input": "/Users/shijunteng/Desktop/图纸/InteriorDesignOS/examples/input/empty_project/empty.txt"}}
{"timestamp": "2026-07-24T13:41:00.108048+08:00", "level": "runtime", "action": "input_loaded", "project_id": "empty1", "agent": "parser", "task_id": "parser-empty1", "extra": {"size": 0, "mime": "text/plain", "hash": "e3b0c44298fc"}}
{"timestamp": "2026-07-24T13:41:00.108091+08:00", "level": "runtime", "action": "input_type", "project_id": "empty1", "agent": "parser", "task_id": "parser-empty1", "extra": {"input_type": "TEXT"}}
{"timestamp": "2026-07-24T13:41:00.108186+08:00", "level": "runtime", "action": "schema_validation", "project_id": "empty1", "agent": "parser", "task_id": "parser-empty1"}
{"timestamp": "2026-07-24T13:41:00.108463+08:00", "level": "runtime", "action": "schema_validation_ok", "project_id": "empty1", "agent": "parser", "task_id": "parser-empty1"}
{"timestamp": "2026-07-24T13:41:00.108798+08:00", "level": "runtime", "action": "workspace_saved", "project_id": "empty1", "agent": "parser", "extra": {"path": "/private/var/folders/0g/qs_2dts56wv6c2ctndzz2txm0000gn/T/pytest-of-shijunteng/pytest-16/test_run_parser_empty_input0/ws/projects/empty1/original_model.json", "version": "v1"}}
{"timestamp": "2026-07-24T13:41:00.108957+08:00", "level": "runtime", "action": "checkpoint_saved", "project_id": "empty1", "agent": "parser", "extra": {"path": "/private/var/folders/0g/qs_2dts56wv6c2ctndzz2txm0000gn/T/pytest-of-shijunteng/pytest-16/test_run_parser_empty_input0/ws/projects/empty1/checkpoint_parser_v1.json", "checkpoint": "checkpoint_parser_v1.json"}}
{"timestamp": "2026-07-24T13:41:00.108999+08:00", "level": "runtime", "action": "parser_finished", "project_id": "empty1", "agent": "parser", "task_id": "parser-empty1", "extra": {"success": true}}
{"timestamp": "2026-07-24T13:41:39.149469+08:00", "level": "runtime", "action": "design_started", "project_id": "ds_test", "agent": "design", "task_id": "design-ds_test"}
{"timestamp": "2026-07-24T13:41:39.150334+08:00", "level": "runtime", "action": "schema_validation_ok", "project_id": "ds_test", "agent": "design", "task_id": "design-ds_test"}
{"timestamp": "2026-07-24T13:41:39.150520+08:00", "level": "runtime", "action": "design_finished", "project_id": "ds_test", "agent": "design", "task_id": "design-ds_test", "extra": {"success": true}}
{"timestamp": "2026-07-24T13:41:39.171005+08:00", "level": "runtime", "action": "parser_started", "project_id": "t1", "agent": "parser", "task_id": "parser-t1", "extra": {"input": "/Users/shijunteng/Desktop/图纸/InteriorDesignOS/examples/input/sample_json/sample.json"}}
{"timestamp": "2026-07-24T13:41:39.171189+08:00", "level": "runtime", "action": "input_loaded", "project_id": "t1", "agent": "parser", "task_id": "parser-t1", "extra": {"size": 1134, "mime": "application/json", "hash": "4a1b9feacf11"}}
{"timestamp": "2026-07-24T13:41:39.171243+08:00", "level": "runtime", "action": "input_type", "project_id": "t1", "agent": "parser", "task_id": "parser-t1", "extra": {"input_type": "TEXT"}}
{"timestamp": "2026-07-24T13:41:39.171381+08:00", "level": "runtime", "action": "schema_validation", "project_id": "t1", "agent": "parser", "task_id": "parser-t1"}
{"timestamp": "2026-07-24T13:41:39.171980+08:00", "level": "runtime", "action": "schema_validation_ok", "project_id": "t1", "agent": "parser", "task_id": "parser-t1"}
{"timestamp": "2026-07-24T13:41:39.172374+08:00", "level": "runtime", "action": "workspace_saved", "project_id": "t1", "agent": "parser", "extra": {"path": "/private/var/folders/0g/qs_2dts56wv6c2ctndzz2txm0000gn/T/pytest-of-shijunteng/pytest-17/test_run_parser_success_saves_0/ws/projects/t1/original_model.json", "version": "v1"}}
{"timestamp": "2026-07-24T13:41:39.172551+08:00", "level": "runtime", "action": "checkpoint_saved", "project_id": "t1", "agent": "parser", "extra": {"path": "/private/var/folders/0g/qs_2dts56wv6c2ctndzz2txm0000gn/T/pytest-of-shijunteng/pytest-17/test_run_parser_success_saves_0/ws/projects/t1/checkpoint_parser_v1.json", "checkpoint": "checkpoint_parser_v1.json"}}
{"timestamp": "2026-07-24T13:41:39.172597+08:00", "level": "runtime", "action": "parser_finished", "project_id": "t1", "agent": "parser", "task_id": "parser-t1", "extra": {"success": true}}
{"timestamp": "2026-07-24T13:41:39.174019+08:00", "level": "runtime", "action": "parser_started", "project_id": "img1", "agent": "parser", "task_id": "parser-img1", "extra": {"input": "/Users/shijunteng/Desktop/图纸/InteriorDesignOS/examples/input/sample_image/sample.png"}}
{"timestamp": "2026-07-24T13:41:39.174243+08:00", "level": "runtime", "action": "input_loaded", "project_id": "img1", "agent": "parser", "task_id": "parser-img1", "extra": {"size": 69, "mime": "image/png", "hash": "ae4055a4c637"}}
{"timestamp": "2026-07-24T13:41:39.174314+08:00", "level": "runtime", "action": "input_type", "project_id": "img1", "agent": "parser", "task_id": "parser-img1", "extra": {"input_type": "IMAGE"}}
{"timestamp": "2026-07-24T13:41:39.174423+08:00", "level": "runtime", "action": "schema_validation", "project_id": "img1", "agent": "parser", "task_id": "parser-img1"}
{"timestamp": "2026-07-24T13:41:39.174719+08:00", "level": "runtime", "action": "schema_validation_ok", "project_id": "img1", "agent": "parser", "task_id": "parser-img1"}
{"timestamp": "2026-07-24T13:41:39.175082+08:00", "level": "runtime", "action": "workspace_saved", "project_id": "img1", "agent": "parser", "extra": {"path": "/private/var/folders/0g/qs_2dts56wv6c2ctndzz2txm0000gn/T/pytest-of-shijunteng/pytest-17/test_run_parser_image_empty_ge0/ws/projects/img1/original_model.json", "version": "v1"}}
{"timestamp": "2026-07-24T13:41:39.175263+08:00", "level": "runtime", "action": "checkpoint_saved", "project_id": "img1", "agent": "parser", "extra": {"path": "/private/var/folders/0g/qs_2dts56wv6c2ctndzz2txm0000gn/T/pytest-of-shijunteng/pytest-17/test_run_parser_image_empty_ge0/ws/projects/img1/checkpoint_parser_v1.json", "checkpoint": "checkpoint_parser_v1.json"}}
{"timestamp": "2026-07-24T13:41:39.175309+08:00", "level": "runtime", "action": "parser_finished", "project_id": "img1", "agent": "parser", "task_id": "parser-img1", "extra": {"success": true}}
{"timestamp": "2026-07-24T13:41:39.176377+08:00", "level": "runtime", "action": "parser_started", "project_id": "pdf1", "agent": "parser", "task_id": "parser-pdf1", "extra": {"input": "/Users/shijunteng/Desktop/图纸/InteriorDesignOS/examples/input/sample_pdf/sample.pdf"}}
{"timestamp": "2026-07-24T13:41:39.176645+08:00", "level": "runtime", "action": "input_loaded", "project_id": "pdf1", "agent": "parser", "task_id": "parser-pdf1", "extra": {"size": 193, "mime": "application/pdf", "hash": "e5a636ac00ea"}}
{"timestamp": "2026-07-24T13:41:39.176714+08:00", "level": "runtime", "action": "input_type", "project_id": "pdf1", "agent": "parser", "task_id": "parser-pdf1", "extra": {"input_type": "PDF"}}
{"timestamp": "2026-07-24T13:41:39.176809+08:00", "level": "runtime", "action": "schema_validation", "project_id": "pdf1", "agent": "parser", "task_id": "parser-pdf1"}
{"timestamp": "2026-07-24T13:41:39.177096+08:00", "level": "runtime", "action": "schema_validation_ok", "project_id": "pdf1", "agent": "parser", "task_id": "parser-pdf1"}
{"timestamp": "2026-07-24T13:41:39.177453+08:00", "level": "runtime", "action": "workspace_saved", "project_id": "pdf1", "agent": "parser", "extra": {"path": "/private/var/folders/0g/qs_2dts56wv6c2ctndzz2txm0000gn/T/pytest-of-shijunteng/pytest-17/test_run_parser_pdf_empty_geom0/ws/projects/pdf1/original_model.json", "version": "v1"}}
{"timestamp": "2026-07-24T13:41:39.177608+08:00", "level": "runtime", "action": "checkpoint_saved", "project_id": "pdf1", "agent": "parser", "extra": {"path": "/private/var/folders/0g/qs_2dts56wv6c2ctndzz2txm0000gn/T/pytest-of-shijunteng/pytest-17/test_run_parser_pdf_empty_geom0/ws/projects/pdf1/checkpoint_parser_v1.json", "checkpoint": "checkpoint_parser_v1.json"}}
{"timestamp": "2026-07-24T13:41:39.177652+08:00", "level": "runtime", "action": "parser_finished", "project_id": "pdf1", "agent": "parser", "task_id": "parser-pdf1", "extra": {"success": true}}
{"timestamp": "2026-07-24T13:41:39.178419+08:00", "level": "runtime", "action": "parser_started", "project_id": "x", "agent": "parser", "task_id": "parser-x", "extra": {"input": "/Users/shijunteng/Desktop/图纸/InteriorDesignOS/examples/input/does_not_exist.dwg"}}
{"timestamp": "2026-07-24T13:41:39.179073+08:00", "level": "runtime", "action": "parser_started", "project_id": "empty1", "agent": "parser", "task_id": "parser-empty1", "extra": {"input": "/Users/shijunteng/Desktop/图纸/InteriorDesignOS/examples/input/empty_project/empty.txt"}}
{"timestamp": "2026-07-24T13:41:39.179167+08:00", "level": "runtime", "action": "input_loaded", "project_id": "empty1", "agent": "parser", "task_id": "parser-empty1", "extra": {"size": 0, "mime": "text/plain", "hash": "e3b0c44298fc"}}
{"timestamp": "2026-07-24T13:41:39.179213+08:00", "level": "runtime", "action": "input_type", "project_id": "empty1", "agent": "parser", "task_id": "parser-empty1", "extra": {"input_type": "TEXT"}}
{"timestamp": "2026-07-24T13:41:39.179312+08:00", "level": "runtime", "action": "schema_validation", "project_id": "empty1", "agent": "parser", "task_id": "parser-empty1"}
{"timestamp": "2026-07-24T13:41:39.179595+08:00", "level": "runtime", "action": "schema_validation_ok", "project_id": "empty1", "agent": "parser", "task_id": "parser-empty1"}
{"timestamp": "2026-07-24T13:41:39.179935+08:00", "level": "runtime", "action": "workspace_saved", "project_id": "empty1", "agent": "parser", "extra": {"path": "/private/var/folders/0g/qs_2dts56wv6c2ctndzz2txm0000gn/T/pytest-of-shijunteng/pytest-17/test_run_parser_empty_input0/ws/projects/empty1/original_model.json", "version": "v1"}}
{"timestamp": "2026-07-24T13:41:39.180100+08:00", "level": "runtime", "action": "checkpoint_saved", "project_id": "empty1", "agent": "parser", "extra": {"path": "/private/var/folders/0g/qs_2dts56wv6c2ctndzz2txm0000gn/T/pytest-of-shijunteng/pytest-17/test_run_parser_empty_input0/ws/projects/empty1/checkpoint_parser_v1.json", "checkpoint": "checkpoint_parser_v1.json"}}
{"timestamp": "2026-07-24T13:41:39.180158+08:00", "level": "runtime", "action": "parser_finished", "project_id": "empty1", "agent": "parser", "task_id": "parser-empty1", "extra": {"success": true}}
{"timestamp": "2026-07-24T13:42:43.293282+08:00", "level": "runtime", "action": "design_started", "project_id": "ds_test", "agent": "design", "task_id": "design-ds_test"}
{"timestamp": "2026-07-24T13:42:43.294136+08:00", "level": "runtime", "action": "schema_validation_ok", "project_id": "ds_test", "agent": "design", "task_id": "design-ds_test"}
{"timestamp": "2026-07-24T13:42:43.294189+08:00", "level": "runtime", "action": "design_finished", "project_id": "ds_test", "agent": "design", "task_id": "design-ds_test", "extra": {"success": true}}
{"timestamp": "2026-07-24T13:42:43.312821+08:00", "level": "runtime", "action": "parser_started", "project_id": "t1", "agent": "parser", "task_id": "parser-t1", "extra": {"input": "/Users/shijunteng/Desktop/图纸/InteriorDesignOS/examples/input/sample_json/sample.json"}}
{"timestamp": "2026-07-24T13:42:43.312933+08:00", "level": "runtime", "action": "input_loaded", "project_id": "t1", "agent": "parser", "task_id": "parser-t1", "extra": {"size": 1134, "mime": "application/json", "hash": "4a1b9feacf11"}}
{"timestamp": "2026-07-24T13:42:43.312984+08:00", "level": "runtime", "action": "input_type", "project_id": "t1", "agent": "parser", "task_id": "parser-t1", "extra": {"input_type": "TEXT"}}
{"timestamp": "2026-07-24T13:42:43.313099+08:00", "level": "runtime", "action": "schema_validation", "project_id": "t1", "agent": "parser", "task_id": "parser-t1"}
{"timestamp": "2026-07-24T13:42:43.313627+08:00", "level": "runtime", "action": "schema_validation_ok", "project_id": "t1", "agent": "parser", "task_id": "parser-t1"}
{"timestamp": "2026-07-24T13:42:43.313981+08:00", "level": "runtime", "action": "workspace_saved", "project_id": "t1", "agent": "parser", "extra": {"path": "/private/var/folders/0g/qs_2dts56wv6c2ctndzz2txm0000gn/T/pytest-of-shijunteng/pytest-18/test_run_parser_success_saves_0/ws/projects/t1/original_model.json", "version": "v1"}}
{"timestamp": "2026-07-24T13:42:43.314148+08:00", "level": "runtime", "action": "checkpoint_saved", "project_id": "t1", "agent": "parser", "extra": {"path": "/private/var/folders/0g/qs_2dts56wv6c2ctndzz2txm0000gn/T/pytest-of-shijunteng/pytest-18/test_run_parser_success_saves_0/ws/projects/t1/checkpoint_parser_v1.json", "checkpoint": "checkpoint_parser_v1.json"}}
{"timestamp": "2026-07-24T13:42:43.314191+08:00", "level": "runtime", "action": "parser_finished", "project_id": "t1", "agent": "parser", "task_id": "parser-t1", "extra": {"success": true}}
{"timestamp": "2026-07-24T13:42:43.315491+08:00", "level": "runtime", "action": "parser_started", "project_id": "img1", "agent": "parser", "task_id": "parser-img1", "extra": {"input": "/Users/shijunteng/Desktop/图纸/InteriorDesignOS/examples/input/sample_image/sample.png"}}
{"timestamp": "2026-07-24T13:42:43.315694+08:00", "level": "runtime", "action": "input_loaded", "project_id": "img1", "agent": "parser", "task_id": "parser-img1", "extra": {"size": 69, "mime": "image/png", "hash": "ae4055a4c637"}}
{"timestamp": "2026-07-24T13:42:43.315751+08:00", "level": "runtime", "action": "input_type", "project_id": "img1", "agent": "parser", "task_id": "parser-img1", "extra": {"input_type": "IMAGE"}}
{"timestamp": "2026-07-24T13:42:43.315840+08:00", "level": "runtime", "action": "schema_validation", "project_id": "img1", "agent": "parser", "task_id": "parser-img1"}
{"timestamp": "2026-07-24T13:42:43.316803+08:00", "level": "runtime", "action": "schema_validation_ok", "project_id": "img1", "agent": "parser", "task_id": "parser-img1"}
{"timestamp": "2026-07-24T13:42:43.317992+08:00", "level": "runtime", "action": "workspace_saved", "project_id": "img1", "agent": "parser", "extra": {"path": "/private/var/folders/0g/qs_2dts56wv6c2ctndzz2txm0000gn/T/pytest-of-shijunteng/pytest-18/test_run_parser_image_empty_ge0/ws/projects/img1/original_model.json", "version": "v1"}}
{"timestamp": "2026-07-24T13:42:43.318216+08:00", "level": "runtime", "action": "checkpoint_saved", "project_id": "img1", "agent": "parser", "extra": {"path": "/private/var/folders/0g/qs_2dts56wv6c2ctndzz2txm0000gn/T/pytest-of-shijunteng/pytest-18/test_run_parser_image_empty_ge0/ws/projects/img1/checkpoint_parser_v1.json", "checkpoint": "checkpoint_parser_v1.json"}}
{"timestamp": "2026-07-24T13:42:43.318274+08:00", "level": "runtime", "action": "parser_finished", "project_id": "img1", "agent": "parser", "task_id": "parser-img1", "extra": {"success": true}}
{"timestamp": "2026-07-24T13:42:43.319583+08:00", "level": "runtime", "action": "parser_started", "project_id": "pdf1", "agent": "parser", "task_id": "parser-pdf1", "extra": {"input": "/Users/shijunteng/Desktop/图纸/InteriorDesignOS/examples/input/sample_pdf/sample.pdf"}}
{"timestamp": "2026-07-24T13:42:43.319840+08:00", "level": "runtime", "action": "input_loaded", "project_id": "pdf1", "agent": "parser", "task_id": "parser-pdf1", "extra": {"size": 193, "mime": "application/pdf", "hash": "e5a636ac00ea"}}
{"timestamp": "2026-07-24T13:42:43.319906+08:00", "level": "runtime", "action": "input_type", "project_id": "pdf1", "agent": "parser", "task_id": "parser-pdf1", "extra": {"input_type": "PDF"}}
{"timestamp": "2026-07-24T13:42:43.320002+08:00", "level": "runtime", "action": "schema_validation", "project_id": "pdf1", "agent": "parser", "task_id": "parser-pdf1"}
{"timestamp": "2026-07-24T13:42:43.320327+08:00", "level": "runtime", "action": "schema_validation_ok", "project_id": "pdf1", "agent": "parser", "task_id": "parser-pdf1"}
{"timestamp": "2026-07-24T13:42:43.320701+08:00", "level": "runtime", "action": "workspace_saved", "project_id": "pdf1", "agent": "parser", "extra": {"path": "/private/var/folders/0g/qs_2dts56wv6c2ctndzz2txm0000gn/T/pytest-of-shijunteng/pytest-18/test_run_parser_pdf_empty_geom0/ws/projects/pdf1/original_model.json", "version": "v1"}}
{"timestamp": "2026-07-24T13:42:43.320860+08:00", "level": "runtime", "action": "checkpoint_saved", "project_id": "pdf1", "agent": "parser", "extra": {"path": "/private/var/folders/0g/qs_2dts56wv6c2ctndzz2txm0000gn/T/pytest-of-shijunteng/pytest-18/test_run_parser_pdf_empty_geom0/ws/projects/pdf1/checkpoint_parser_v1.json", "checkpoint": "checkpoint_parser_v1.json"}}
{"timestamp": "2026-07-24T13:42:43.320907+08:00", "level": "runtime", "action": "parser_finished", "project_id": "pdf1", "agent": "parser", "task_id": "parser-pdf1", "extra": {"success": true}}
{"timestamp": "2026-07-24T13:42:43.321689+08:00", "level": "runtime", "action": "parser_started", "project_id": "x", "agent": "parser", "task_id": "parser-x", "extra": {"input": "/Users/shijunteng/Desktop/图纸/InteriorDesignOS/examples/input/does_not_exist.dwg"}}
{"timestamp": "2026-07-24T13:42:43.322343+08:00", "level": "runtime", "action": "parser_started", "project_id": "empty1", "agent": "parser", "task_id": "parser-empty1", "extra": {"input": "/Users/shijunteng/Desktop/图纸/InteriorDesignOS/examples/input/empty_project/empty.txt"}}
{"timestamp": "2026-07-24T13:42:43.322440+08:00", "level": "runtime", "action": "input_loaded", "project_id": "empty1", "agent": "parser", "task_id": "parser-empty1", "extra": {"size": 0, "mime": "text/plain", "hash": "e3b0c44298fc"}}
{"timestamp": "2026-07-24T13:42:43.322484+08:00", "level": "runtime", "action": "input_type", "project_id": "empty1", "agent": "parser", "task_id": "parser-empty1", "extra": {"input_type": "TEXT"}}
{"timestamp": "2026-07-24T13:42:43.322578+08:00", "level": "runtime", "action": "schema_validation", "project_id": "empty1", "agent": "parser", "task_id": "parser-empty1"}
{"timestamp": "2026-07-24T13:42:43.322859+08:00", "level": "runtime", "action": "schema_validation_ok", "project_id": "empty1", "agent": "parser", "task_id": "parser-empty1"}
{"timestamp": "2026-07-24T13:42:43.323197+08:00", "level": "runtime", "action": "workspace_saved", "project_id": "empty1", "agent": "parser", "extra": {"path": "/private/var/folders/0g/qs_2dts56wv6c2ctndzz2txm0000gn/T/pytest-of-shijunteng/pytest-18/test_run_parser_empty_input0/ws/projects/empty1/original_model.json", "version": "v1"}}
{"timestamp": "2026-07-24T13:42:43.323351+08:00", "level": "runtime", "action": "checkpoint_saved", "project_id": "empty1", "agent": "parser", "extra": {"path": "/private/var/folders/0g/qs_2dts56wv6c2ctndzz2txm0000gn/T/pytest-of-shijunteng/pytest-18/test_run_parser_empty_input0/ws/projects/empty1/checkpoint_parser_v1.json", "checkpoint": "checkpoint_parser_v1.json"}}
{"timestamp": "2026-07-24T13:42:43.323393+08:00", "level": "runtime", "action": "parser_finished", "project_id": "empty1", "agent": "parser", "task_id": "parser-empty1", "extra": {"success": true}}
{"timestamp": "2026-07-24T14:43:57.064396+08:00", "level": "runtime", "action": "design_started", "project_id": "ds_test", "agent": "design", "task_id": "design-ds_test"}
{"timestamp": "2026-07-24T14:43:57.065231+08:00", "level": "runtime", "action": "schema_validation_ok", "project_id": "ds_test", "agent": "design", "task_id": "design-ds_test"}
{"timestamp": "2026-07-24T14:43:57.065290+08:00", "level": "runtime", "action": "design_finished", "project_id": "ds_test", "agent": "design", "task_id": "design-ds_test", "extra": {"success": true}}
{"timestamp": "2026-07-24T14:43:57.083912+08:00", "level": "runtime", "action": "parser_started", "project_id": "t1", "agent": "parser", "task_id": "parser-t1", "extra": {"input": "/Users/shijunteng/Desktop/图纸/InteriorDesignOS/examples/input/sample_json/sample.json"}}
{"timestamp": "2026-07-24T14:43:57.084042+08:00", "level": "runtime", "action": "input_loaded", "project_id": "t1", "agent": "parser", "task_id": "parser-t1", "extra": {"size": 1134, "mime": "application/json", "hash": "4a1b9feacf11"}}
{"timestamp": "2026-07-24T14:43:57.084090+08:00", "level": "runtime", "action": "input_type", "project_id": "t1", "agent": "parser", "task_id": "parser-t1", "extra": {"input_type": "TEXT"}}
{"timestamp": "2026-07-24T14:43:57.084202+08:00", "level": "runtime", "action": "schema_validation", "project_id": "t1", "agent": "parser", "task_id": "parser-t1"}
{"timestamp": "2026-07-24T14:43:57.084738+08:00", "level": "runtime", "action": "schema_validation_ok", "project_id": "t1", "agent": "parser", "task_id": "parser-t1"}
{"timestamp": "2026-07-24T14:43:57.085117+08:00", "level": "runtime", "action": "workspace_saved", "project_id": "t1", "agent": "parser", "extra": {"path": "/private/var/folders/0g/qs_2dts56wv6c2ctndzz2txm0000gn/T/pytest-of-shijunteng/pytest-19/test_run_parser_success_saves_0/ws/projects/t1/original_model.json", "version": "v1"}}
{"timestamp": "2026-07-24T14:43:57.086590+08:00", "level": "runtime", "action": "checkpoint_saved", "project_id": "t1", "agent": "parser", "extra": {"path": "/private/var/folders/0g/qs_2dts56wv6c2ctndzz2txm0000gn/T/pytest-of-shijunteng/pytest-19/test_run_parser_success_saves_0/ws/projects/t1/checkpoint_parser_v1.json", "checkpoint": "checkpoint_parser_v1.json"}}
{"timestamp": "2026-07-24T14:43:57.086781+08:00", "level": "runtime", "action": "parser_finished", "project_id": "t1", "agent": "parser", "task_id": "parser-t1", "extra": {"success": true}}
{"timestamp": "2026-07-24T14:43:57.089061+08:00", "level": "runtime", "action": "parser_started", "project_id": "img1", "agent": "parser", "task_id": "parser-img1", "extra": {"input": "/Users/shijunteng/Desktop/图纸/InteriorDesignOS/examples/input/sample_image/sample.png"}}
{"timestamp": "2026-07-24T14:43:57.089422+08:00", "level": "runtime", "action": "input_loaded", "project_id": "img1", "agent": "parser", "task_id": "parser-img1", "extra": {"size": 69, "mime": "image/png", "hash": "ae4055a4c637"}}
{"timestamp": "2026-07-24T14:43:57.089485+08:00", "level": "runtime", "action": "input_type", "project_id": "img1", "agent": "parser", "task_id": "parser-img1", "extra": {"input_type": "IMAGE"}}
{"timestamp": "2026-07-24T14:43:57.089580+08:00", "level": "runtime", "action": "schema_validation", "project_id": "img1", "agent": "parser", "task_id": "parser-img1"}
{"timestamp": "2026-07-24T14:43:57.089950+08:00", "level": "runtime", "action": "schema_validation_ok", "project_id": "img1", "agent": "parser", "task_id": "parser-img1"}
{"timestamp": "2026-07-24T14:43:57.090364+08:00", "level": "runtime", "action": "workspace_saved", "project_id": "img1", "agent": "parser", "extra": {"path": "/private/var/folders/0g/qs_2dts56wv6c2ctndzz2txm0000gn/T/pytest-of-shijunteng/pytest-19/test_run_parser_image_empty_ge0/ws/projects/img1/original_model.json", "version": "v1"}}
{"timestamp": "2026-07-24T14:43:57.090564+08:00", "level": "runtime", "action": "checkpoint_saved", "project_id": "img1", "agent": "parser", "extra": {"path": "/private/var/folders/0g/qs_2dts56wv6c2ctndzz2txm0000gn/T/pytest-of-shijunteng/pytest-19/test_run_parser_image_empty_ge0/ws/projects/img1/checkpoint_parser_v1.json", "checkpoint": "checkpoint_parser_v1.json"}}
{"timestamp": "2026-07-24T14:43:57.090617+08:00", "level": "runtime", "action": "parser_finished", "project_id": "img1", "agent": "parser", "task_id": "parser-img1", "extra": {"success": true}}
{"timestamp": "2026-07-24T14:43:57.092177+08:00", "level": "runtime", "action": "parser_started", "project_id": "pdf1", "agent": "parser", "task_id": "parser-pdf1", "extra": {"input": "/Users/shijunteng/Desktop/图纸/InteriorDesignOS/examples/input/sample_pdf/sample.pdf"}}
{"timestamp": "2026-07-24T14:43:57.092699+08:00", "level": "runtime", "action": "input_loaded", "project_id": "pdf1", "agent": "parser", "task_id": "parser-pdf1", "extra": {"size": 193, "mime": "application/pdf", "hash": "e5a636ac00ea"}}
{"timestamp": "2026-07-24T14:43:57.092767+08:00", "level": "runtime", "action": "input_type", "project_id": "pdf1", "agent": "parser", "task_id": "parser-pdf1", "extra": {"input_type": "PDF"}}
{"timestamp": "2026-07-24T14:43:57.092870+08:00", "level": "runtime", "action": "schema_validation", "project_id": "pdf1", "agent": "parser", "task_id": "parser-pdf1"}
{"timestamp": "2026-07-24T14:43:57.093261+08:00", "level": "runtime", "action": "schema_validation_ok", "project_id": "pdf1", "agent": "parser", "task_id": "parser-pdf1"}
{"timestamp": "2026-07-24T14:43:57.093735+08:00", "level": "runtime", "action": "workspace_saved", "project_id": "pdf1", "agent": "parser", "extra": {"path": "/private/var/folders/0g/qs_2dts56wv6c2ctndzz2txm0000gn/T/pytest-of-shijunteng/pytest-19/test_run_parser_pdf_empty_geom0/ws/projects/pdf1/original_model.json", "version": "v1"}}
{"timestamp": "2026-07-24T14:43:57.093937+08:00", "level": "runtime", "action": "checkpoint_saved", "project_id": "pdf1", "agent": "parser", "extra": {"path": "/private/var/folders/0g/qs_2dts56wv6c2ctndzz2txm0000gn/T/pytest-of-shijunteng/pytest-19/test_run_parser_pdf_empty_geom0/ws/projects/pdf1/checkpoint_parser_v1.json", "checkpoint": "checkpoint_parser_v1.json"}}
{"timestamp": "2026-07-24T14:43:57.094006+08:00", "level": "runtime", "action": "parser_finished", "project_id": "pdf1", "agent": "parser", "task_id": "parser-pdf1", "extra": {"success": true}}
{"timestamp": "2026-07-24T14:43:57.095017+08:00", "level": "runtime", "action": "parser_started", "project_id": "x", "agent": "parser", "task_id": "parser-x", "extra": {"input": "/Users/shijunteng/Desktop/图纸/InteriorDesignOS/examples/input/does_not_exist.dwg"}}
{"timestamp": "2026-07-24T14:43:57.096013+08:00", "level": "runtime", "action": "parser_started", "project_id": "empty1", "agent": "parser", "task_id": "parser-empty1", "extra": {"input": "/Users/shijunteng/Desktop/图纸/InteriorDesignOS/examples/input/empty_project/empty.txt"}}
{"timestamp": "2026-07-24T14:43:57.096161+08:00", "level": "runtime", "action": "input_loaded", "project_id": "empty1", "agent": "parser", "task_id": "parser-empty1", "extra": {"size": 0, "mime": "text/plain", "hash": "e3b0c44298fc"}}
{"timestamp": "2026-07-24T14:43:57.096213+08:00", "level": "runtime", "action": "input_type", "project_id": "empty1", "agent": "parser", "task_id": "parser-empty1", "extra": {"input_type": "TEXT"}}
{"timestamp": "2026-07-24T14:43:57.096338+08:00", "level": "runtime", "action": "schema_validation", "project_id": "empty1", "agent": "parser", "task_id": "parser-empty1"}
{"timestamp": "2026-07-24T14:43:57.096715+08:00", "level": "runtime", "action": "schema_validation_ok", "project_id": "empty1", "agent": "parser", "task_id": "parser-empty1"}
{"timestamp": "2026-07-24T14:43:57.097110+08:00", "level": "runtime", "action": "workspace_saved", "project_id": "empty1", "agent": "parser", "extra": {"path": "/private/var/folders/0g/qs_2dts56wv6c2ctndzz2txm0000gn/T/pytest-of-shijunteng/pytest-19/test_run_parser_empty_input0/ws/projects/empty1/original_model.json", "version": "v1"}}
{"timestamp": "2026-07-24T14:43:57.097285+08:00", "level": "runtime", "action": "checkpoint_saved", "project_id": "empty1", "agent": "parser", "extra": {"path": "/private/var/folders/0g/qs_2dts56wv6c2ctndzz2txm0000gn/T/pytest-of-shijunteng/pytest-19/test_run_parser_empty_input0/ws/projects/empty1/checkpoint_parser_v1.json", "checkpoint": "checkpoint_parser_v1.json"}}
{"timestamp": "2026-07-24T14:43:57.097332+08:00", "level": "runtime", "action": "parser_finished", "project_id": "empty1", "agent": "parser", "task_id": "parser-empty1", "extra": {"success": true}}
{"timestamp": "2026-07-24T14:45:46.335516+08:00", "level": "runtime", "action": "design_started", "project_id": "ds_test", "agent": "design", "task_id": "design-ds_test"}
{"timestamp": "2026-07-24T14:45:46.336810+08:00", "level": "runtime", "action": "schema_validation_ok", "project_id": "ds_test", "agent": "design", "task_id": "design-ds_test"}
{"timestamp": "2026-07-24T14:45:46.336882+08:00", "level": "runtime", "action": "design_finished", "project_id": "ds_test", "agent": "design", "task_id": "design-ds_test", "extra": {"success": true}}
{"timestamp": "2026-07-24T14:45:46.356114+08:00", "level": "runtime", "action": "parser_started", "project_id": "t1", "agent": "parser", "task_id": "parser-t1", "extra": {"input": "/Users/shijunteng/Desktop/图纸/InteriorDesignOS/examples/input/sample_json/sample.json"}}
{"timestamp": "2026-07-24T14:45:46.356229+08:00", "level": "runtime", "action": "input_loaded", "project_id": "t1", "agent": "parser", "task_id": "parser-t1", "extra": {"size": 1134, "mime": "application/json", "hash": "4a1b9feacf11"}}
{"timestamp": "2026-07-24T14:45:46.356283+08:00", "level": "runtime", "action": "input_type", "project_id": "t1", "agent": "parser", "task_id": "parser-t1", "extra": {"input_type": "TEXT"}}
{"timestamp": "2026-07-24T14:45:46.356406+08:00", "level": "runtime", "action": "schema_validation", "project_id": "t1", "agent": "parser", "task_id": "parser-t1"}
{"timestamp": "2026-07-24T14:45:46.356947+08:00", "level": "runtime", "action": "schema_validation_ok", "project_id": "t1", "agent": "parser", "task_id": "parser-t1"}
{"timestamp": "2026-07-24T14:45:46.357305+08:00", "level": "runtime", "action": "workspace_saved", "project_id": "t1", "agent": "parser", "extra": {"path": "/private/var/folders/0g/qs_2dts56wv6c2ctndzz2txm0000gn/T/pytest-of-shijunteng/pytest-20/test_run_parser_success_saves_0/ws/projects/t1/original_model.json", "version": "v1"}}
{"timestamp": "2026-07-24T14:45:46.357485+08:00", "level": "runtime", "action": "checkpoint_saved", "project_id": "t1", "agent": "parser", "extra": {"path": "/private/var/folders/0g/qs_2dts56wv6c2ctndzz2txm0000gn/T/pytest-of-shijunteng/pytest-20/test_run_parser_success_saves_0/ws/projects/t1/checkpoint_parser_v1.json", "checkpoint": "checkpoint_parser_v1.json"}}
{"timestamp": "2026-07-24T14:45:46.357531+08:00", "level": "runtime", "action": "parser_finished", "project_id": "t1", "agent": "parser", "task_id": "parser-t1", "extra": {"success": true}}
{"timestamp": "2026-07-24T14:45:46.358699+08:00", "level": "runtime", "action": "parser_started", "project_id": "img1", "agent": "parser", "task_id": "parser-img1", "extra": {"input": "/Users/shijunteng/Desktop/图纸/InteriorDesignOS/examples/input/sample_image/sample.png"}}
{"timestamp": "2026-07-24T14:45:46.359071+08:00", "level": "runtime", "action": "input_loaded", "project_id": "img1", "agent": "parser", "task_id": "parser-img1", "extra": {"size": 69, "mime": "image/png", "hash": "ae4055a4c637"}}
{"timestamp": "2026-07-24T14:45:46.359145+08:00", "level": "runtime", "action": "input_type", "project_id": "img1", "agent": "parser", "task_id": "parser-img1", "extra": {"input_type": "IMAGE"}}
{"timestamp": "2026-07-24T14:45:46.359237+08:00", "level": "runtime", "action": "schema_validation", "project_id": "img1", "agent": "parser", "task_id": "parser-img1"}
{"timestamp": "2026-07-24T14:45:46.359527+08:00", "level": "runtime", "action": "schema_validation_ok", "project_id": "img1", "agent": "parser", "task_id": "parser-img1"}
{"timestamp": "2026-07-24T14:45:46.359882+08:00", "level": "runtime", "action": "workspace_saved", "project_id": "img1", "agent": "parser", "extra": {"path": "/private/var/folders/0g/qs_2dts56wv6c2ctndzz2txm0000gn/T/pytest-of-shijunteng/pytest-20/test_run_parser_image_empty_ge0/ws/projects/img1/original_model.json", "version": "v1"}}
{"timestamp": "2026-07-24T14:45:46.360047+08:00", "level": "runtime", "action": "checkpoint_saved", "project_id": "img1", "agent": "parser", "extra": {"path": "/private/var/folders/0g/qs_2dts56wv6c2ctndzz2txm0000gn/T/pytest-of-shijunteng/pytest-20/test_run_parser_image_empty_ge0/ws/projects/img1/checkpoint_parser_v1.json", "checkpoint": "checkpoint_parser_v1.json"}}
{"timestamp": "2026-07-24T14:45:46.360098+08:00", "level": "runtime", "action": "parser_finished", "project_id": "img1", "agent": "parser", "task_id": "parser-img1", "extra": {"success": true}}
{"timestamp": "2026-07-24T14:45:46.361184+08:00", "level": "runtime", "action": "parser_started", "project_id": "pdf1", "agent": "parser", "task_id": "parser-pdf1", "extra": {"input": "/Users/shijunteng/Desktop/图纸/InteriorDesignOS/examples/input/sample_pdf/sample.pdf"}}
{"timestamp": "2026-07-24T14:45:46.361729+08:00", "level": "runtime", "action": "input_loaded", "project_id": "pdf1", "agent": "parser", "task_id": "parser-pdf1", "extra": {"size": 193, "mime": "application/pdf", "hash": "e5a636ac00ea"}}
{"timestamp": "2026-07-24T14:45:46.361785+08:00", "level": "runtime", "action": "input_type", "project_id": "pdf1", "agent": "parser", "task_id": "parser-pdf1", "extra": {"input_type": "PDF"}}
{"timestamp": "2026-07-24T14:45:46.361867+08:00", "level": "runtime", "action": "schema_validation", "project_id": "pdf1", "agent": "parser", "task_id": "parser-pdf1"}
{"timestamp": "2026-07-24T14:45:46.362142+08:00", "level": "runtime", "action": "schema_validation_ok", "project_id": "pdf1", "agent": "parser", "task_id": "parser-pdf1"}
{"timestamp": "2026-07-24T14:45:46.362516+08:00", "level": "runtime", "action": "workspace_saved", "project_id": "pdf1", "agent": "parser", "extra": {"path": "/private/var/folders/0g/qs_2dts56wv6c2ctndzz2txm0000gn/T/pytest-of-shijunteng/pytest-20/test_run_parser_pdf_empty_geom0/ws/projects/pdf1/original_model.json", "version": "v1"}}
{"timestamp": "2026-07-24T14:45:46.362701+08:00", "level": "runtime", "action": "checkpoint_saved", "project_id": "pdf1", "agent": "parser", "extra": {"path": "/private/var/folders/0g/qs_2dts56wv6c2ctndzz2txm0000gn/T/pytest-of-shijunteng/pytest-20/test_run_parser_pdf_empty_geom0/ws/projects/pdf1/checkpoint_parser_v1.json", "checkpoint": "checkpoint_parser_v1.json"}}
{"timestamp": "2026-07-24T14:45:46.362746+08:00", "level": "runtime", "action": "parser_finished", "project_id": "pdf1", "agent": "parser", "task_id": "parser-pdf1", "extra": {"success": true}}
{"timestamp": "2026-07-24T14:45:46.363512+08:00", "level": "runtime", "action": "parser_started", "project_id": "x", "agent": "parser", "task_id": "parser-x", "extra": {"input": "/Users/shijunteng/Desktop/图纸/InteriorDesignOS/examples/input/does_not_exist.dwg"}}
{"timestamp": "2026-07-24T14:45:46.364126+08:00", "level": "runtime", "action": "parser_started", "project_id": "empty1", "agent": "parser", "task_id": "parser-empty1", "extra": {"input": "/Users/shijunteng/Desktop/图纸/InteriorDesignOS/examples/input/empty_project/empty.txt"}}
{"timestamp": "2026-07-24T14:45:46.364214+08:00", "level": "runtime", "action": "input_loaded", "project_id": "empty1", "agent": "parser", "task_id": "parser-empty1", "extra": {"size": 0, "mime": "text/plain", "hash": "e3b0c44298fc"}}
{"timestamp": "2026-07-24T14:45:46.364266+08:00", "level": "runtime", "action": "input_type", "project_id": "empty1", "agent": "parser", "task_id": "parser-empty1", "extra": {"input_type": "TEXT"}}
{"timestamp": "2026-07-24T14:45:46.364381+08:00", "level": "runtime", "action": "schema_validation", "project_id": "empty1", "agent": "parser", "task_id": "parser-empty1"}
{"timestamp": "2026-07-24T14:45:46.364666+08:00", "level": "runtime", "action": "schema_validation_ok", "project_id": "empty1", "agent": "parser", "task_id": "parser-empty1"}
{"timestamp": "2026-07-24T14:45:46.365001+08:00", "level": "runtime", "action": "workspace_saved", "project_id": "empty1", "agent": "parser", "extra": {"path": "/private/var/folders/0g/qs_2dts56wv6c2ctndzz2txm0000gn/T/pytest-of-shijunteng/pytest-20/test_run_parser_empty_input0/ws/projects/empty1/original_model.json", "version": "v1"}}
{"timestamp": "2026-07-24T14:45:46.365159+08:00", "level": "runtime", "action": "checkpoint_saved", "project_id": "empty1", "agent": "parser", "extra": {"path": "/private/var/folders/0g/qs_2dts56wv6c2ctndzz2txm0000gn/T/pytest-of-shijunteng/pytest-20/test_run_parser_empty_input0/ws/projects/empty1/checkpoint_parser_v1.json", "checkpoint": "checkpoint_parser_v1.json"}}
{"timestamp": "2026-07-24T14:45:46.365203+08:00", "level": "runtime", "action": "parser_finished", "project_id": "empty1", "agent": "parser", "task_id": "parser-empty1", "extra": {"success": true}}
{"timestamp": "2026-07-24T14:46:48.897443+08:00", "level": "runtime", "action": "design_started", "project_id": "ds_test", "agent": "design", "task_id": "design-ds_test"}
{"timestamp": "2026-07-24T14:46:48.898526+08:00", "level": "runtime", "action": "schema_validation_ok", "project_id": "ds_test", "agent": "design", "task_id": "design-ds_test"}
{"timestamp": "2026-07-24T14:46:48.898580+08:00", "level": "runtime", "action": "design_finished", "project_id": "ds_test", "agent": "design", "task_id": "design-ds_test", "extra": {"success": true}}
{"timestamp": "2026-07-24T14:46:48.919171+08:00", "level": "runtime", "action": "parser_started", "project_id": "t1", "agent": "parser", "task_id": "parser-t1", "extra": {"input": "/Users/shijunteng/Desktop/图纸/InteriorDesignOS/examples/input/sample_json/sample.json"}}
{"timestamp": "2026-07-24T14:46:48.919339+08:00", "level": "runtime", "action": "input_loaded", "project_id": "t1", "agent": "parser", "task_id": "parser-t1", "extra": {"size": 1134, "mime": "application/json", "hash": "4a1b9feacf11"}}
{"timestamp": "2026-07-24T14:46:48.919390+08:00", "level": "runtime", "action": "input_type", "project_id": "t1", "agent": "parser", "task_id": "parser-t1", "extra": {"input_type": "TEXT"}}
{"timestamp": "2026-07-24T14:46:48.919522+08:00", "level": "runtime", "action": "schema_validation", "project_id": "t1", "agent": "parser", "task_id": "parser-t1"}
{"timestamp": "2026-07-24T14:46:48.920106+08:00", "level": "runtime", "action": "schema_validation_ok", "project_id": "t1", "agent": "parser", "task_id": "parser-t1"}
{"timestamp": "2026-07-24T14:46:48.920485+08:00", "level": "runtime", "action": "workspace_saved", "project_id": "t1", "agent": "parser", "extra": {"path": "/private/var/folders/0g/qs_2dts56wv6c2ctndzz2txm0000gn/T/pytest-of-shijunteng/pytest-21/test_run_parser_success_saves_0/ws/projects/t1/original_model.json", "version": "v1"}}
{"timestamp": "2026-07-24T14:46:48.920660+08:00", "level": "runtime", "action": "checkpoint_saved", "project_id": "t1", "agent": "parser", "extra": {"path": "/private/var/folders/0g/qs_2dts56wv6c2ctndzz2txm0000gn/T/pytest-of-shijunteng/pytest-21/test_run_parser_success_saves_0/ws/projects/t1/checkpoint_parser_v1.json", "checkpoint": "checkpoint_parser_v1.json"}}
{"timestamp": "2026-07-24T14:46:48.920704+08:00", "level": "runtime", "action": "parser_finished", "project_id": "t1", "agent": "parser", "task_id": "parser-t1", "extra": {"success": true}}
{"timestamp": "2026-07-24T14:46:48.921869+08:00", "level": "runtime", "action": "parser_started", "project_id": "img1", "agent": "parser", "task_id": "parser-img1", "extra": {"input": "/Users/shijunteng/Desktop/图纸/InteriorDesignOS/examples/input/sample_image/sample.png"}}
{"timestamp": "2026-07-24T14:46:48.922178+08:00", "level": "runtime", "action": "input_loaded", "project_id": "img1", "agent": "parser", "task_id": "parser-img1", "extra": {"size": 69, "mime": "image/png", "hash": "ae4055a4c637"}}
{"timestamp": "2026-07-24T14:46:48.922240+08:00", "level": "runtime", "action": "input_type", "project_id": "img1", "agent": "parser", "task_id": "parser-img1", "extra": {"input_type": "IMAGE"}}
{"timestamp": "2026-07-24T14:46:48.922324+08:00", "level": "runtime", "action": "schema_validation", "project_id": "img1", "agent": "parser", "task_id": "parser-img1"}
{"timestamp": "2026-07-24T14:46:48.922605+08:00", "level": "runtime", "action": "schema_validation_ok", "project_id": "img1", "agent": "parser", "task_id": "parser-img1"}
{"timestamp": "2026-07-24T14:46:48.922942+08:00", "level": "runtime", "action": "workspace_saved", "project_id": "img1", "agent": "parser", "extra": {"path": "/private/var/folders/0g/qs_2dts56wv6c2ctndzz2txm0000gn/T/pytest-of-shijunteng/pytest-21/test_run_parser_image_empty_ge0/ws/projects/img1/original_model.json", "version": "v1"}}
{"timestamp": "2026-07-24T14:46:48.923105+08:00", "level": "runtime", "action": "checkpoint_saved", "project_id": "img1", "agent": "parser", "extra": {"path": "/private/var/folders/0g/qs_2dts56wv6c2ctndzz2txm0000gn/T/pytest-of-shijunteng/pytest-21/test_run_parser_image_empty_ge0/ws/projects/img1/checkpoint_parser_v1.json", "checkpoint": "checkpoint_parser_v1.json"}}
{"timestamp": "2026-07-24T14:46:48.923150+08:00", "level": "runtime", "action": "parser_finished", "project_id": "img1", "agent": "parser", "task_id": "parser-img1", "extra": {"success": true}}
{"timestamp": "2026-07-24T14:46:48.924140+08:00", "level": "runtime", "action": "parser_started", "project_id": "pdf1", "agent": "parser", "task_id": "parser-pdf1", "extra": {"input": "/Users/shijunteng/Desktop/图纸/InteriorDesignOS/examples/input/sample_pdf/sample.pdf"}}
{"timestamp": "2026-07-24T14:46:48.924321+08:00", "level": "runtime", "action": "input_loaded", "project_id": "pdf1", "agent": "parser", "task_id": "parser-pdf1", "extra": {"size": 193, "mime": "application/pdf", "hash": "e5a636ac00ea"}}
{"timestamp": "2026-07-24T14:46:48.924364+08:00", "level": "runtime", "action": "input_type", "project_id": "pdf1", "agent": "parser", "task_id": "parser-pdf1", "extra": {"input_type": "PDF"}}
{"timestamp": "2026-07-24T14:46:48.924456+08:00", "level": "runtime", "action": "schema_validation", "project_id": "pdf1", "agent": "parser", "task_id": "parser-pdf1"}
{"timestamp": "2026-07-24T14:46:48.924757+08:00", "level": "runtime", "action": "schema_validation_ok", "project_id": "pdf1", "agent": "parser", "task_id": "parser-pdf1"}
{"timestamp": "2026-07-24T14:46:48.925102+08:00", "level": "runtime", "action": "workspace_saved", "project_id": "pdf1", "agent": "parser", "extra": {"path": "/private/var/folders/0g/qs_2dts56wv6c2ctndzz2txm0000gn/T/pytest-of-shijunteng/pytest-21/test_run_parser_pdf_empty_geom0/ws/projects/pdf1/original_model.json", "version": "v1"}}
{"timestamp": "2026-07-24T14:46:48.925254+08:00", "level": "runtime", "action": "checkpoint_saved", "project_id": "pdf1", "agent": "parser", "extra": {"path": "/private/var/folders/0g/qs_2dts56wv6c2ctndzz2txm0000gn/T/pytest-of-shijunteng/pytest-21/test_run_parser_pdf_empty_geom0/ws/projects/pdf1/checkpoint_parser_v1.json", "checkpoint": "checkpoint_parser_v1.json"}}
{"timestamp": "2026-07-24T14:46:48.925296+08:00", "level": "runtime", "action": "parser_finished", "project_id": "pdf1", "agent": "parser", "task_id": "parser-pdf1", "extra": {"success": true}}
{"timestamp": "2026-07-24T14:46:48.925995+08:00", "level": "runtime", "action": "parser_started", "project_id": "x", "agent": "parser", "task_id": "parser-x", "extra": {"input": "/Users/shijunteng/Desktop/图纸/InteriorDesignOS/examples/input/does_not_exist.dwg"}}
{"timestamp": "2026-07-24T14:46:48.926643+08:00", "level": "runtime", "action": "parser_started", "project_id": "empty1", "agent": "parser", "task_id": "parser-empty1", "extra": {"input": "/Users/shijunteng/Desktop/图纸/InteriorDesignOS/examples/input/empty_project/empty.txt"}}
{"timestamp": "2026-07-24T14:46:48.926729+08:00", "level": "runtime", "action": "input_loaded", "project_id": "empty1", "agent": "parser", "task_id": "parser-empty1", "extra": {"size": 0, "mime": "text/plain", "hash": "e3b0c44298fc"}}
{"timestamp": "2026-07-24T14:46:48.926773+08:00", "level": "runtime", "action": "input_type", "project_id": "empty1", "agent": "parser", "task_id": "parser-empty1", "extra": {"input_type": "TEXT"}}
{"timestamp": "2026-07-24T14:46:48.926868+08:00", "level": "runtime", "action": "schema_validation", "project_id": "empty1", "agent": "parser", "task_id": "parser-empty1"}
{"timestamp": "2026-07-24T14:46:48.927139+08:00", "level": "runtime", "action": "schema_validation_ok", "project_id": "empty1", "agent": "parser", "task_id": "parser-empty1"}
{"timestamp": "2026-07-24T14:46:48.927462+08:00", "level": "runtime", "action": "workspace_saved", "project_id": "empty1", "agent": "parser", "extra": {"path": "/private/var/folders/0g/qs_2dts56wv6c2ctndzz2txm0000gn/T/pytest-of-shijunteng/pytest-21/test_run_parser_empty_input0/ws/projects/empty1/original_model.json", "version": "v1"}}
{"timestamp": "2026-07-24T14:46:48.927621+08:00", "level": "runtime", "action": "checkpoint_saved", "project_id": "empty1", "agent": "parser", "extra": {"path": "/private/var/folders/0g/qs_2dts56wv6c2ctndzz2txm0000gn/T/pytest-of-shijunteng/pytest-21/test_run_parser_empty_input0/ws/projects/empty1/checkpoint_parser_v1.json", "checkpoint": "checkpoint_parser_v1.json"}}
{"timestamp": "2026-07-24T14:46:48.927663+08:00", "level": "runtime", "action": "parser_finished", "project_id": "empty1", "agent": "parser", "task_id": "parser-empty1", "extra": {"success": true}}
{"timestamp": "2026-07-24T14:49:38.044574+08:00", "level": "runtime", "action": "design_started", "project_id": "ds_test", "agent": "design", "task_id": "design-ds_test"}
{"timestamp": "2026-07-24T14:49:38.045946+08:00", "level": "runtime", "action": "schema_validation_ok", "project_id": "ds_test", "agent": "design", "task_id": "design-ds_test"}
{"timestamp": "2026-07-24T14:49:38.046060+08:00", "level": "runtime", "action": "design_finished", "project_id": "ds_test", "agent": "design", "task_id": "design-ds_test", "extra": {"success": true}}
{"timestamp": "2026-07-24T14:49:38.095234+08:00", "level": "runtime", "action": "parser_started", "project_id": "t1", "agent": "parser", "task_id": "parser-t1", "extra": {"input": "/Users/shijunteng/Desktop/图纸/InteriorDesignOS/examples/input/sample_json/sample.json"}}
{"timestamp": "2026-07-24T14:49:38.095461+08:00", "level": "runtime", "action": "input_loaded", "project_id": "t1", "agent": "parser", "task_id": "parser-t1", "extra": {"size": 1134, "mime": "application/json", "hash": "4a1b9feacf11"}}
{"timestamp": "2026-07-24T14:49:38.095526+08:00", "level": "runtime", "action": "input_type", "project_id": "t1", "agent": "parser", "task_id": "parser-t1", "extra": {"input_type": "TEXT"}}
{"timestamp": "2026-07-24T14:49:38.095697+08:00", "level": "runtime", "action": "schema_validation", "project_id": "t1", "agent": "parser", "task_id": "parser-t1"}
{"timestamp": "2026-07-24T14:49:38.096329+08:00", "level": "runtime", "action": "schema_validation_ok", "project_id": "t1", "agent": "parser", "task_id": "parser-t1"}
{"timestamp": "2026-07-24T14:49:38.098336+08:00", "level": "runtime", "action": "workspace_saved", "project_id": "t1", "agent": "parser", "extra": {"path": "/private/var/folders/0g/qs_2dts56wv6c2ctndzz2txm0000gn/T/pytest-of-shijunteng/pytest-22/test_run_parser_success_saves_0/ws/projects/t1/original_model.json", "version": "v1"}}
{"timestamp": "2026-07-24T14:49:38.099451+08:00", "level": "runtime", "action": "checkpoint_saved", "project_id": "t1", "agent": "parser", "extra": {"path": "/private/var/folders/0g/qs_2dts56wv6c2ctndzz2txm0000gn/T/pytest-of-shijunteng/pytest-22/test_run_parser_success_saves_0/ws/projects/t1/checkpoint_parser_v1.json", "checkpoint": "checkpoint_parser_v1.json"}}
{"timestamp": "2026-07-24T14:49:38.099725+08:00", "level": "runtime", "action": "parser_finished", "project_id": "t1", "agent": "parser", "task_id": "parser-t1", "extra": {"success": true}}
{"timestamp": "2026-07-24T14:49:38.101390+08:00", "level": "runtime", "action": "parser_started", "project_id": "img1", "agent": "parser", "task_id": "parser-img1", "extra": {"input": "/Users/shijunteng/Desktop/图纸/InteriorDesignOS/examples/input/sample_image/sample.png"}}
{"timestamp": "2026-07-24T14:49:38.101700+08:00", "level": "runtime", "action": "input_loaded", "project_id": "img1", "agent": "parser", "task_id": "parser-img1", "extra": {"size": 69, "mime": "image/png", "hash": "ae4055a4c637"}}
{"timestamp": "2026-07-24T14:49:38.101792+08:00", "level": "runtime", "action": "input_type", "project_id": "img1", "agent": "parser", "task_id": "parser-img1", "extra": {"input_type": "IMAGE"}}
{"timestamp": "2026-07-24T14:49:38.101903+08:00", "level": "runtime", "action": "schema_validation", "project_id": "img1", "agent": "parser", "task_id": "parser-img1"}
{"timestamp": "2026-07-24T14:49:38.102276+08:00", "level": "runtime", "action": "schema_validation_ok", "project_id": "img1", "agent": "parser", "task_id": "parser-img1"}
{"timestamp": "2026-07-24T14:49:38.102696+08:00", "level": "runtime", "action": "workspace_saved", "project_id": "img1", "agent": "parser", "extra": {"path": "/private/var/folders/0g/qs_2dts56wv6c2ctndzz2txm0000gn/T/pytest-of-shijunteng/pytest-22/test_run_parser_image_empty_ge0/ws/projects/img1/original_model.json", "version": "v1"}}
{"timestamp": "2026-07-24T14:49:38.102878+08:00", "level": "runtime", "action": "checkpoint_saved", "project_id": "img1", "agent": "parser", "extra": {"path": "/private/var/folders/0g/qs_2dts56wv6c2ctndzz2txm0000gn/T/pytest-of-shijunteng/pytest-22/test_run_parser_image_empty_ge0/ws/projects/img1/checkpoint_parser_v1.json", "checkpoint": "checkpoint_parser_v1.json"}}
{"timestamp": "2026-07-24T14:49:38.102926+08:00", "level": "runtime", "action": "parser_finished", "project_id": "img1", "agent": "parser", "task_id": "parser-img1", "extra": {"success": true}}
{"timestamp": "2026-07-24T14:49:38.104220+08:00", "level": "runtime", "action": "parser_started", "project_id": "pdf1", "agent": "parser", "task_id": "parser-pdf1", "extra": {"input": "/Users/shijunteng/Desktop/图纸/InteriorDesignOS/examples/input/sample_pdf/sample.pdf"}}
{"timestamp": "2026-07-24T14:49:38.104504+08:00", "level": "runtime", "action": "input_loaded", "project_id": "pdf1", "agent": "parser", "task_id": "parser-pdf1", "extra": {"size": 193, "mime": "application/pdf", "hash": "e5a636ac00ea"}}
{"timestamp": "2026-07-24T14:49:38.104588+08:00", "level": "runtime", "action": "input_type", "project_id": "pdf1", "agent": "parser", "task_id": "parser-pdf1", "extra": {"input_type": "PDF"}}
{"timestamp": "2026-07-24T14:49:38.104694+08:00", "level": "runtime", "action": "schema_validation", "project_id": "pdf1", "agent": "parser", "task_id": "parser-pdf1"}
{"timestamp": "2026-07-24T14:49:38.105048+08:00", "level": "runtime", "action": "schema_validation_ok", "project_id": "pdf1", "agent": "parser", "task_id": "parser-pdf1"}
{"timestamp": "2026-07-24T14:49:38.105606+08:00", "level": "runtime", "action": "workspace_saved", "project_id": "pdf1", "agent": "parser", "extra": {"path": "/private/var/folders/0g/qs_2dts56wv6c2ctndzz2txm0000gn/T/pytest-of-shijunteng/pytest-22/test_run_parser_pdf_empty_geom0/ws/projects/pdf1/original_model.json", "version": "v1"}}
{"timestamp": "2026-07-24T14:49:38.105851+08:00", "level": "runtime", "action": "checkpoint_saved", "project_id": "pdf1", "agent": "parser", "extra": {"path": "/private/var/folders/0g/qs_2dts56wv6c2ctndzz2txm0000gn/T/pytest-of-shijunteng/pytest-22/test_run_parser_pdf_empty_geom0/ws/projects/pdf1/checkpoint_parser_v1.json", "checkpoint": "checkpoint_parser_v1.json"}}
{"timestamp": "2026-07-24T14:49:38.105915+08:00", "level": "runtime", "action": "parser_finished", "project_id": "pdf1", "agent": "parser", "task_id": "parser-pdf1", "extra": {"success": true}}
{"timestamp": "2026-07-24T14:49:38.110970+08:00", "level": "runtime", "action": "parser_started", "project_id": "x", "agent": "parser", "task_id": "parser-x", "extra": {"input": "/Users/shijunteng/Desktop/图纸/InteriorDesignOS/examples/input/does_not_exist.dwg"}}
{"timestamp": "2026-07-24T14:49:38.111771+08:00", "level": "runtime", "action": "parser_started", "project_id": "empty1", "agent": "parser", "task_id": "parser-empty1", "extra": {"input": "/Users/shijunteng/Desktop/图纸/InteriorDesignOS/examples/input/empty_project/empty.txt"}}
{"timestamp": "2026-07-24T14:49:38.111907+08:00", "level": "runtime", "action": "input_loaded", "project_id": "empty1", "agent": "parser", "task_id": "parser-empty1", "extra": {"size": 0, "mime": "text/plain", "hash": "e3b0c44298fc"}}
{"timestamp": "2026-07-24T14:49:38.111958+08:00", "level": "runtime", "action": "input_type", "project_id": "empty1", "agent": "parser", "task_id": "parser-empty1", "extra": {"input_type": "TEXT"}}
{"timestamp": "2026-07-24T14:49:38.112078+08:00", "level": "runtime", "action": "schema_validation", "project_id": "empty1", "agent": "parser", "task_id": "parser-empty1"}
{"timestamp": "2026-07-24T14:49:38.112432+08:00", "level": "runtime", "action": "schema_validation_ok", "project_id": "empty1", "agent": "parser", "task_id": "parser-empty1"}
{"timestamp": "2026-07-24T14:49:38.112815+08:00", "level": "runtime", "action": "workspace_saved", "project_id": "empty1", "agent": "parser", "extra": {"path": "/private/var/folders/0g/qs_2dts56wv6c2ctndzz2txm0000gn/T/pytest-of-shijunteng/pytest-22/test_run_parser_empty_input0/ws/projects/empty1/original_model.json", "version": "v1"}}
{"timestamp": "2026-07-24T14:49:38.112996+08:00", "level": "runtime", "action": "checkpoint_saved", "project_id": "empty1", "agent": "parser", "extra": {"path": "/private/var/folders/0g/qs_2dts56wv6c2ctndzz2txm0000gn/T/pytest-of-shijunteng/pytest-22/test_run_parser_empty_input0/ws/projects/empty1/checkpoint_parser_v1.json", "checkpoint": "checkpoint_parser_v1.json"}}
{"timestamp": "2026-07-24T14:49:38.113043+08:00", "level": "runtime", "action": "parser_finished", "project_id": "empty1", "agent": "parser", "task_id": "parser-empty1", "extra": {"success": true}}
{"timestamp": "2026-07-24T16:08:08.186514+08:00", "level": "runtime", "action": "design_started", "project_id": "ds_test", "agent": "design", "task_id": "design-ds_test"}
{"timestamp": "2026-07-24T16:08:08.188547+08:00", "level": "runtime", "action": "schema_validation_ok", "project_id": "ds_test", "agent": "design", "task_id": "design-ds_test"}
{"timestamp": "2026-07-24T16:08:08.188777+08:00", "level": "runtime", "action": "design_finished", "project_id": "ds_test", "agent": "design", "task_id": "design-ds_test", "extra": {"success": true}}
{"timestamp": "2026-07-24T16:08:08.219614+08:00", "level": "runtime", "action": "parser_started", "project_id": "t1", "agent": "parser", "task_id": "parser-t1", "extra": {"input": "/Users/shijunteng/Desktop/图纸/InteriorDesignOS/examples/input/sample_json/sample.json"}}
{"timestamp": "2026-07-24T16:08:08.219732+08:00", "level": "runtime", "action": "input_loaded", "project_id": "t1", "agent": "parser", "task_id": "parser-t1", "extra": {"size": 1134, "mime": "application/json", "hash": "4a1b9feacf11"}}
{"timestamp": "2026-07-24T16:08:08.219781+08:00", "level": "runtime", "action": "input_type", "project_id": "t1", "agent": "parser", "task_id": "parser-t1", "extra": {"input_type": "TEXT"}}
{"timestamp": "2026-07-24T16:08:08.219897+08:00", "level": "runtime", "action": "schema_validation", "project_id": "t1", "agent": "parser", "task_id": "parser-t1"}
{"timestamp": "2026-07-24T16:08:08.221493+08:00", "level": "runtime", "action": "schema_validation_ok", "project_id": "t1", "agent": "parser", "task_id": "parser-t1"}
{"timestamp": "2026-07-24T16:08:08.222328+08:00", "level": "runtime", "action": "workspace_saved", "project_id": "t1", "agent": "parser", "extra": {"path": "/private/var/folders/0g/qs_2dts56wv6c2ctndzz2txm0000gn/T/pytest-of-shijunteng/pytest-26/test_run_parser_success_saves_0/ws/projects/t1/original_model.json", "version": "v1"}}
{"timestamp": "2026-07-24T16:08:08.222583+08:00", "level": "runtime", "action": "checkpoint_saved", "project_id": "t1", "agent": "parser", "extra": {"path": "/private/var/folders/0g/qs_2dts56wv6c2ctndzz2txm0000gn/T/pytest-of-shijunteng/pytest-26/test_run_parser_success_saves_0/ws/projects/t1/checkpoint_parser_v1.json", "checkpoint": "checkpoint_parser_v1.json"}}
{"timestamp": "2026-07-24T16:08:08.222643+08:00", "level": "runtime", "action": "parser_finished", "project_id": "t1", "agent": "parser", "task_id": "parser-t1", "extra": {"success": true}}
{"timestamp": "2026-07-24T16:08:08.224177+08:00", "level": "runtime", "action": "parser_started", "project_id": "img1", "agent": "parser", "task_id": "parser-img1", "extra": {"input": "/Users/shijunteng/Desktop/图纸/InteriorDesignOS/examples/input/sample_image/sample.png"}}
{"timestamp": "2026-07-24T16:08:08.224482+08:00", "level": "runtime", "action": "input_loaded", "project_id": "img1", "agent": "parser", "task_id": "parser-img1", "extra": {"size": 69, "mime": "image/png", "hash": "ae4055a4c637"}}
{"timestamp": "2026-07-24T16:08:08.224556+08:00", "level": "runtime", "action": "input_type", "project_id": "img1", "agent": "parser", "task_id": "parser-img1", "extra": {"input_type": "IMAGE"}}
{"timestamp": "2026-07-24T16:08:08.224654+08:00", "level": "runtime", "action": "schema_validation", "project_id": "img1", "agent": "parser", "task_id": "parser-img1"}
{"timestamp": "2026-07-24T16:08:08.224997+08:00", "level": "runtime", "action": "schema_validation_ok", "project_id": "img1", "agent": "parser", "task_id": "parser-img1"}
{"timestamp": "2026-07-24T16:08:08.225379+08:00", "level": "runtime", "action": "workspace_saved", "project_id": "img1", "agent": "parser", "extra": {"path": "/private/var/folders/0g/qs_2dts56wv6c2ctndzz2txm0000gn/T/pytest-of-shijunteng/pytest-26/test_run_parser_image_empty_ge0/ws/projects/img1/original_model.json", "version": "v1"}}
{"timestamp": "2026-07-24T16:08:08.225547+08:00", "level": "runtime", "action": "checkpoint_saved", "project_id": "img1", "agent": "parser", "extra": {"path": "/private/var/folders/0g/qs_2dts56wv6c2ctndzz2txm0000gn/T/pytest-of-shijunteng/pytest-26/test_run_parser_image_empty_ge0/ws/projects/img1/checkpoint_parser_v1.json", "checkpoint": "checkpoint_parser_v1.json"}}
{"timestamp": "2026-07-24T16:08:08.225594+08:00", "level": "runtime", "action": "parser_finished", "project_id": "img1", "agent": "parser", "task_id": "parser-img1", "extra": {"success": true}}
{"timestamp": "2026-07-24T16:08:08.226684+08:00", "level": "runtime", "action": "parser_started", "project_id": "pdf1", "agent": "parser", "task_id": "parser-pdf1", "extra": {"input": "/Users/shijunteng/Desktop/图纸/InteriorDesignOS/examples/input/sample_pdf/sample.pdf"}}
{"timestamp": "2026-07-24T16:08:08.226940+08:00", "level": "runtime", "action": "input_loaded", "project_id": "pdf1", "agent": "parser", "task_id": "parser-pdf1", "extra": {"size": 193, "mime": "application/pdf", "hash": "e5a636ac00ea"}}
{"timestamp": "2026-07-24T16:08:08.226990+08:00", "level": "runtime", "action": "input_type", "project_id": "pdf1", "agent": "parser", "task_id": "parser-pdf1", "extra": {"input_type": "PDF"}}
{"timestamp": "2026-07-24T16:08:08.227070+08:00", "level": "runtime", "action": "schema_validation", "project_id": "pdf1", "agent": "parser", "task_id": "parser-pdf1"}
{"timestamp": "2026-07-24T16:08:08.227362+08:00", "level": "runtime", "action": "schema_validation_ok", "project_id": "pdf1", "agent": "parser", "task_id": "parser-pdf1"}
{"timestamp": "2026-07-24T16:08:08.227706+08:00", "level": "runtime", "action": "workspace_saved", "project_id": "pdf1", "agent": "parser", "extra": {"path": "/private/var/folders/0g/qs_2dts56wv6c2ctndzz2txm0000gn/T/pytest-of-shijunteng/pytest-26/test_run_parser_pdf_empty_geom0/ws/projects/pdf1/original_model.json", "version": "v1"}}
{"timestamp": "2026-07-24T16:08:08.227866+08:00", "level": "runtime", "action": "checkpoint_saved", "project_id": "pdf1", "agent": "parser", "extra": {"path": "/private/var/folders/0g/qs_2dts56wv6c2ctndzz2txm0000gn/T/pytest-of-shijunteng/pytest-26/test_run_parser_pdf_empty_geom0/ws/projects/pdf1/checkpoint_parser_v1.json", "checkpoint": "checkpoint_parser_v1.json"}}
{"timestamp": "2026-07-24T16:08:08.227910+08:00", "level": "runtime", "action": "parser_finished", "project_id": "pdf1", "agent": "parser", "task_id": "parser-pdf1", "extra": {"success": true}}
{"timestamp": "2026-07-24T16:08:08.228652+08:00", "level": "runtime", "action": "parser_started", "project_id": "x", "agent": "parser", "task_id": "parser-x", "extra": {"input": "/Users/shijunteng/Desktop/图纸/InteriorDesignOS/examples/input/does_not_exist.dwg"}}
{"timestamp": "2026-07-24T16:08:08.229298+08:00", "level": "runtime", "action": "parser_started", "project_id": "empty1", "agent": "parser", "task_id": "parser-empty1", "extra": {"input": "/Users/shijunteng/Desktop/图纸/InteriorDesignOS/examples/input/empty_project/empty.txt"}}
{"timestamp": "2026-07-24T16:08:08.229397+08:00", "level": "runtime", "action": "input_loaded", "project_id": "empty1", "agent": "parser", "task_id": "parser-empty1", "extra": {"size": 0, "mime": "text/plain", "hash": "e3b0c44298fc"}}
{"timestamp": "2026-07-24T16:08:08.229443+08:00", "level": "runtime", "action": "input_type", "project_id": "empty1", "agent": "parser", "task_id": "parser-empty1", "extra": {"input_type": "TEXT"}}
{"timestamp": "2026-07-24T16:08:08.229546+08:00", "level": "runtime", "action": "schema_validation", "project_id": "empty1", "agent": "parser", "task_id": "parser-empty1"}
{"timestamp": "2026-07-24T16:08:08.229846+08:00", "level": "runtime", "action": "schema_validation_ok", "project_id": "empty1", "agent": "parser", "task_id": "parser-empty1"}
{"timestamp": "2026-07-24T16:08:08.230201+08:00", "level": "runtime", "action": "workspace_saved", "project_id": "empty1", "agent": "parser", "extra": {"path": "/private/var/folders/0g/qs_2dts56wv6c2ctndzz2txm0000gn/T/pytest-of-shijunteng/pytest-26/test_run_parser_empty_input0/ws/projects/empty1/original_model.json", "version": "v1"}}
{"timestamp": "2026-07-24T16:08:08.230359+08:00", "level": "runtime", "action": "checkpoint_saved", "project_id": "empty1", "agent": "parser", "extra": {"path": "/private/var/folders/0g/qs_2dts56wv6c2ctndzz2txm0000gn/T/pytest-of-shijunteng/pytest-26/test_run_parser_empty_input0/ws/projects/empty1/checkpoint_parser_v1.json", "checkpoint": "checkpoint_parser_v1.json"}}
{"timestamp": "2026-07-24T16:08:08.230404+08:00", "level": "runtime", "action": "parser_finished", "project_id": "empty1", "agent": "parser", "task_id": "parser-empty1", "extra": {"success": true}}
{"timestamp": "2026-07-27T08:52:21.254609+08:00", "level": "runtime", "action": "design_started", "project_id": "ds_test", "agent": "design", "task_id": "design-ds_test"}
{"timestamp": "2026-07-27T08:52:21.256358+08:00", "level": "runtime", "action": "schema_validation_ok", "project_id": "ds_test", "agent": "design", "task_id": "design-ds_test"}
{"timestamp": "2026-07-27T08:52:21.256465+08:00", "level": "runtime", "action": "design_finished", "project_id": "ds_test", "agent": "design", "task_id": "design-ds_test", "extra": {"success": true}}
{"timestamp": "2026-07-27T08:52:21.339000+08:00", "level": "runtime", "action": "parser_started", "project_id": "t1", "agent": "parser", "task_id": "parser-t1", "extra": {"input": "/Users/shijunteng/Desktop/图纸/InteriorDesignOS/examples/input/sample_json/sample.json"}}
{"timestamp": "2026-07-27T08:52:21.339155+08:00", "level": "runtime", "action": "input_loaded", "project_id": "t1", "agent": "parser", "task_id": "parser-t1", "extra": {"size": 1134, "mime": "application/json", "hash": "4a1b9feacf11"}}
{"timestamp": "2026-07-27T08:52:21.339209+08:00", "level": "runtime", "action": "input_type", "project_id": "t1", "agent": "parser", "task_id": "parser-t1", "extra": {"input_type": "TEXT"}}
{"timestamp": "2026-07-27T08:52:21.339359+08:00", "level": "runtime", "action": "schema_validation", "project_id": "t1", "agent": "parser", "task_id": "parser-t1"}
{"timestamp": "2026-07-27T08:52:21.339959+08:00", "level": "runtime", "action": "schema_validation_ok", "project_id": "t1", "agent": "parser", "task_id": "parser-t1"}
{"timestamp": "2026-07-27T08:52:21.340337+08:00", "level": "runtime", "action": "workspace_saved", "project_id": "t1", "agent": "parser", "extra": {"path": "/private/var/folders/0g/qs_2dts56wv6c2ctndzz2txm0000gn/T/pytest-of-shijunteng/pytest-4/test_run_parser_success_saves_0/ws/projects/t1/original_model.json", "version": "v1"}}
{"timestamp": "2026-07-27T08:52:21.340524+08:00", "level": "runtime", "action": "checkpoint_saved", "project_id": "t1", "agent": "parser", "extra": {"path": "/private/var/folders/0g/qs_2dts56wv6c2ctndzz2txm0000gn/T/pytest-of-shijunteng/pytest-4/test_run_parser_success_saves_0/ws/projects/t1/checkpoint_parser_v1.json", "checkpoint": "checkpoint_parser_v1.json"}}
{"timestamp": "2026-07-27T08:52:21.340572+08:00", "level": "runtime", "action": "parser_finished", "project_id": "t1", "agent": "parser", "task_id": "parser-t1", "extra": {"success": true}}
{"timestamp": "2026-07-27T08:52:21.341869+08:00", "level": "runtime", "action": "parser_started", "project_id": "img1", "agent": "parser", "task_id": "parser-img1", "extra": {"input": "/Users/shijunteng/Desktop/图纸/InteriorDesignOS/examples/input/sample_image/sample.png"}}
{"timestamp": "2026-07-27T08:52:21.342498+08:00", "level": "runtime", "action": "input_loaded", "project_id": "img1", "agent": "parser", "task_id": "parser-img1", "extra": {"size": 69, "mime": "image/png", "hash": "ae4055a4c637"}}
{"timestamp": "2026-07-27T08:52:21.342593+08:00", "level": "runtime", "action": "input_type", "project_id": "img1", "agent": "parser", "task_id": "parser-img1", "extra": {"input_type": "IMAGE"}}
{"timestamp": "2026-07-27T08:52:21.342692+08:00", "level": "runtime", "action": "schema_validation", "project_id": "img1", "agent": "parser", "task_id": "parser-img1"}
{"timestamp": "2026-07-27T08:52:21.342972+08:00", "level": "runtime", "action": "schema_validation_ok", "project_id": "img1", "agent": "parser", "task_id": "parser-img1"}
{"timestamp": "2026-07-27T08:52:21.344083+08:00", "level": "runtime", "action": "workspace_saved", "project_id": "img1", "agent": "parser", "extra": {"path": "/private/var/folders/0g/qs_2dts56wv6c2ctndzz2txm0000gn/T/pytest-of-shijunteng/pytest-4/test_run_parser_image_empty_ge0/ws/projects/img1/original_model.json", "version": "v1"}}
{"timestamp": "2026-07-27T08:52:21.345901+08:00", "level": "runtime", "action": "checkpoint_saved", "project_id": "img1", "agent": "parser", "extra": {"path": "/private/var/folders/0g/qs_2dts56wv6c2ctndzz2txm0000gn/T/pytest-of-shijunteng/pytest-4/test_run_parser_image_empty_ge0/ws/projects/img1/checkpoint_parser_v1.json", "checkpoint": "checkpoint_parser_v1.json"}}
{"timestamp": "2026-07-27T08:52:21.346465+08:00", "level": "runtime", "action": "parser_finished", "project_id": "img1", "agent": "parser", "task_id": "parser-img1", "extra": {"success": true}}
{"timestamp": "2026-07-27T08:52:21.348997+08:00", "level": "runtime", "action": "parser_started", "project_id": "pdf1", "agent": "parser", "task_id": "parser-pdf1", "extra": {"input": "/Users/shijunteng/Desktop/图纸/InteriorDesignOS/examples/input/sample_pdf/sample.pdf"}}
{"timestamp": "2026-07-27T08:52:21.349237+08:00", "level": "runtime", "action": "input_loaded", "project_id": "pdf1", "agent": "parser", "task_id": "parser-pdf1", "extra": {"size": 193, "mime": "application/pdf", "hash": "e5a636ac00ea"}}
{"timestamp": "2026-07-27T08:52:21.349297+08:00", "level": "runtime", "action": "input_type", "project_id": "pdf1", "agent": "parser", "task_id": "parser-pdf1", "extra": {"input_type": "PDF"}}
{"timestamp": "2026-07-27T08:52:21.349394+08:00", "level": "runtime", "action": "schema_validation", "project_id": "pdf1", "agent": "parser", "task_id": "parser-pdf1"}
{"timestamp": "2026-07-27T08:52:21.349800+08:00", "level": "runtime", "action": "schema_validation_ok", "project_id": "pdf1", "agent": "parser", "task_id": "parser-pdf1"}
{"timestamp": "2026-07-27T08:52:21.350314+08:00", "level": "runtime", "action": "workspace_saved", "project_id": "pdf1", "agent": "parser", "extra": {"path": "/private/var/folders/0g/qs_2dts56wv6c2ctndzz2txm0000gn/T/pytest-of-shijunteng/pytest-4/test_run_parser_pdf_empty_geom0/ws/projects/pdf1/original_model.json", "version": "v1"}}
{"timestamp": "2026-07-27T08:52:21.350529+08:00", "level": "runtime", "action": "checkpoint_saved", "project_id": "pdf1", "agent": "parser", "extra": {"path": "/private/var/folders/0g/qs_2dts56wv6c2ctndzz2txm0000gn/T/pytest-of-shijunteng/pytest-4/test_run_parser_pdf_empty_geom0/ws/projects/pdf1/checkpoint_parser_v1.json", "checkpoint": "checkpoint_parser_v1.json"}}
{"timestamp": "2026-07-27T08:52:21.350588+08:00", "level": "runtime", "action": "parser_finished", "project_id": "pdf1", "agent": "parser", "task_id": "parser-pdf1", "extra": {"success": true}}
{"timestamp": "2026-07-27T08:52:21.351817+08:00", "level": "runtime", "action": "parser_started", "project_id": "x", "agent": "parser", "task_id": "parser-x", "extra": {"input": "/Users/shijunteng/Desktop/图纸/InteriorDesignOS/examples/input/does_not_exist.dwg"}}
{"timestamp": "2026-07-27T08:52:21.352670+08:00", "level": "runtime", "action": "parser_started", "project_id": "empty1", "agent": "parser", "task_id": "parser-empty1", "extra": {"input": "/Users/shijunteng/Desktop/图纸/InteriorDesignOS/examples/input/empty_project/empty.txt"}}
{"timestamp": "2026-07-27T08:52:21.352798+08:00", "level": "runtime", "action": "input_loaded", "project_id": "empty1", "agent": "parser", "task_id": "parser-empty1", "extra": {"size": 0, "mime": "text/plain", "hash": "e3b0c44298fc"}}
{"timestamp": "2026-07-27T08:52:21.352858+08:00", "level": "runtime", "action": "input_type", "project_id": "empty1", "agent": "parser", "task_id": "parser-empty1", "extra": {"input_type": "TEXT"}}
{"timestamp": "2026-07-27T08:52:21.352971+08:00", "level": "runtime", "action": "schema_validation", "project_id": "empty1", "agent": "parser", "task_id": "parser-empty1"}
{"timestamp": "2026-07-27T08:52:21.353307+08:00", "level": "runtime", "action": "schema_validation_ok", "project_id": "empty1", "agent": "parser", "task_id": "parser-empty1"}
{"timestamp": "2026-07-27T08:52:21.353684+08:00", "level": "runtime", "action": "workspace_saved", "project_id": "empty1", "agent": "parser", "extra": {"path": "/private/var/folders/0g/qs_2dts56wv6c2ctndzz2txm0000gn/T/pytest-of-shijunteng/pytest-4/test_run_parser_empty_input0/ws/projects/empty1/original_model.json", "version": "v1"}}
{"timestamp": "2026-07-27T08:52:21.353845+08:00", "level": "runtime", "action": "checkpoint_saved", "project_id": "empty1", "agent": "parser", "extra": {"path": "/private/var/folders/0g/qs_2dts56wv6c2ctndzz2txm0000gn/T/pytest-of-shijunteng/pytest-4/test_run_parser_empty_input0/ws/projects/empty1/checkpoint_parser_v1.json", "checkpoint": "checkpoint_parser_v1.json"}}
{"timestamp": "2026-07-27T08:52:21.353889+08:00", "level": "runtime", "action": "parser_finished", "project_id": "empty1", "agent": "parser", "task_id": "parser-empty1", "extra": {"success": true}}
{"timestamp": "2026-07-27T10:10:05.754858+08:00", "level": "runtime", "action": "design_started", "project_id": "ds_test", "agent": "design", "task_id": "design-ds_test"}
{"timestamp": "2026-07-27T10:10:05.755768+08:00", "level": "runtime", "action": "schema_validation_ok", "project_id": "ds_test", "agent": "design", "task_id": "design-ds_test"}
{"timestamp": "2026-07-27T10:10:05.755820+08:00", "level": "runtime", "action": "design_finished", "project_id": "ds_test", "agent": "design", "task_id": "design-ds_test", "extra": {"success": true}}
{"timestamp": "2026-07-27T10:10:05.909972+08:00", "level": "runtime", "action": "parser_started", "project_id": "t1", "agent": "parser", "task_id": "parser-t1", "extra": {"input": "/Users/shijunteng/Desktop/图纸/InteriorDesignOS/examples/input/sample_json/sample.json"}}
{"timestamp": "2026-07-27T10:10:05.910600+08:00", "level": "runtime", "action": "input_loaded", "project_id": "t1", "agent": "parser", "task_id": "parser-t1", "extra": {"size": 1134, "mime": "application/json", "hash": "4a1b9feacf11"}}
{"timestamp": "2026-07-27T10:10:05.910942+08:00", "level": "runtime", "action": "input_type", "project_id": "t1", "agent": "parser", "task_id": "parser-t1", "extra": {"input_type": "TEXT"}}
{"timestamp": "2026-07-27T10:10:05.911213+08:00", "level": "runtime", "action": "schema_validation", "project_id": "t1", "agent": "parser", "task_id": "parser-t1"}
{"timestamp": "2026-07-27T10:10:05.912064+08:00", "level": "runtime", "action": "schema_validation_ok", "project_id": "t1", "agent": "parser", "task_id": "parser-t1"}
{"timestamp": "2026-07-27T10:10:05.912653+08:00", "level": "runtime", "action": "workspace_saved", "project_id": "t1", "agent": "parser", "extra": {"path": "/private/var/folders/0g/qs_2dts56wv6c2ctndzz2txm0000gn/T/pytest-of-shijunteng/pytest-7/test_run_parser_success_saves_0/ws/projects/t1/original_model.json", "version": "v1"}}
{"timestamp": "2026-07-27T10:10:05.912868+08:00", "level": "runtime", "action": "checkpoint_saved", "project_id": "t1", "agent": "parser", "extra": {"path": "/private/var/folders/0g/qs_2dts56wv6c2ctndzz2txm0000gn/T/pytest-of-shijunteng/pytest-7/test_run_parser_success_saves_0/ws/projects/t1/checkpoint_parser_v1.json", "checkpoint": "checkpoint_parser_v1.json"}}
{"timestamp": "2026-07-27T10:10:05.912917+08:00", "level": "runtime", "action": "parser_finished", "project_id": "t1", "agent": "parser", "task_id": "parser-t1", "extra": {"success": true}}
{"timestamp": "2026-07-27T10:10:05.914422+08:00", "level": "runtime", "action": "parser_started", "project_id": "img1", "agent": "parser", "task_id": "parser-img1", "extra": {"input": "/Users/shijunteng/Desktop/图纸/InteriorDesignOS/examples/input/sample_image/sample.png"}}
{"timestamp": "2026-07-27T10:10:05.914690+08:00", "level": "runtime", "action": "input_loaded", "project_id": "img1", "agent": "parser", "task_id": "parser-img1", "extra": {"size": 69, "mime": "image/png", "hash": "ae4055a4c637"}}
{"timestamp": "2026-07-27T10:10:05.914783+08:00", "level": "runtime", "action": "input_type", "project_id": "img1", "agent": "parser", "task_id": "parser-img1", "extra": {"input_type": "IMAGE"}}
{"timestamp": "2026-07-27T10:10:05.914894+08:00", "level": "runtime", "action": "schema_validation", "project_id": "img1", "agent": "parser", "task_id": "parser-img1"}
{"timestamp": "2026-07-27T10:10:05.915249+08:00", "level": "runtime", "action": "schema_validation_ok", "project_id": "img1", "agent": "parser", "task_id": "parser-img1"}
{"timestamp": "2026-07-27T10:10:05.915642+08:00", "level": "runtime", "action": "workspace_saved", "project_id": "img1", "agent": "parser", "extra": {"path": "/private/var/folders/0g/qs_2dts56wv6c2ctndzz2txm0000gn/T/pytest-of-shijunteng/pytest-7/test_run_parser_image_empty_ge0/ws/projects/img1/original_model.json", "version": "v1"}}
{"timestamp": "2026-07-27T10:10:05.915814+08:00", "level": "runtime", "action": "checkpoint_saved", "project_id": "img1", "agent": "parser", "extra": {"path": "/private/var/folders/0g/qs_2dts56wv6c2ctndzz2txm0000gn/T/pytest-of-shijunteng/pytest-7/test_run_parser_image_empty_ge0/ws/projects/img1/checkpoint_parser_v1.json", "checkpoint": "checkpoint_parser_v1.json"}}
{"timestamp": "2026-07-27T10:10:05.915861+08:00", "level": "runtime", "action": "parser_finished", "project_id": "img1", "agent": "parser", "task_id": "parser-img1", "extra": {"success": true}}
{"timestamp": "2026-07-27T10:10:05.917030+08:00", "level": "runtime", "action": "parser_started", "project_id": "pdf1", "agent": "parser", "task_id": "parser-pdf1", "extra": {"input": "/Users/shijunteng/Desktop/图纸/InteriorDesignOS/examples/input/sample_pdf/sample.pdf"}}
{"timestamp": "2026-07-27T10:10:05.917270+08:00", "level": "runtime", "action": "input_loaded", "project_id": "pdf1", "agent": "parser", "task_id": "parser-pdf1", "extra": {"size": 193, "mime": "application/pdf", "hash": "e5a636ac00ea"}}
{"timestamp": "2026-07-27T10:10:05.917315+08:00", "level": "runtime", "action": "input_type", "project_id": "pdf1", "agent": "parser", "task_id": "parser-pdf1", "extra": {"input_type": "PDF"}}
{"timestamp": "2026-07-27T10:10:05.917400+08:00", "level": "runtime", "action": "schema_validation", "project_id": "pdf1", "agent": "parser", "task_id": "parser-pdf1"}
{"timestamp": "2026-07-27T10:10:05.917701+08:00", "level": "runtime", "action": "schema_validation_ok", "project_id": "pdf1", "agent": "parser", "task_id": "parser-pdf1"}
{"timestamp": "2026-07-27T10:10:05.918050+08:00", "level": "runtime", "action": "workspace_saved", "project_id": "pdf1", "agent": "parser", "extra": {"path": "/private/var/folders/0g/qs_2dts56wv6c2ctndzz2txm0000gn/T/pytest-of-shijunteng/pytest-7/test_run_parser_pdf_empty_geom0/ws/projects/pdf1/original_model.json", "version": "v1"}}
{"timestamp": "2026-07-27T10:10:05.918209+08:00", "level": "runtime", "action": "checkpoint_saved", "project_id": "pdf1", "agent": "parser", "extra": {"path": "/private/var/folders/0g/qs_2dts56wv6c2ctndzz2txm0000gn/T/pytest-of-shijunteng/pytest-7/test_run_parser_pdf_empty_geom0/ws/projects/pdf1/checkpoint_parser_v1.json", "checkpoint": "checkpoint_parser_v1.json"}}
{"timestamp": "2026-07-27T10:10:05.918262+08:00", "level": "runtime", "action": "parser_finished", "project_id": "pdf1", "agent": "parser", "task_id": "parser-pdf1", "extra": {"success": true}}
{"timestamp": "2026-07-27T10:10:05.919034+08:00", "level": "runtime", "action": "parser_started", "project_id": "x", "agent": "parser", "task_id": "parser-x", "extra": {"input": "/Users/shijunteng/Desktop/图纸/InteriorDesignOS/examples/input/does_not_exist.dwg"}}
{"timestamp": "2026-07-27T10:10:05.919718+08:00", "level": "runtime", "action": "parser_started", "project_id": "empty1", "agent": "parser", "task_id": "parser-empty1", "extra": {"input": "/Users/shijunteng/Desktop/图纸/InteriorDesignOS/examples/input/empty_project/empty.txt"}}
{"timestamp": "2026-07-27T10:10:05.919814+08:00", "level": "runtime", "action": "input_loaded", "project_id": "empty1", "agent": "parser", "task_id": "parser-empty1", "extra": {"size": 0, "mime": "text/plain", "hash": "e3b0c44298fc"}}
{"timestamp": "2026-07-27T10:10:05.919859+08:00", "level": "runtime", "action": "input_type", "project_id": "empty1", "agent": "parser", "task_id": "parser-empty1", "extra": {"input_type": "TEXT"}}
{"timestamp": "2026-07-27T10:10:05.919966+08:00", "level": "runtime", "action": "schema_validation", "project_id": "empty1", "agent": "parser", "task_id": "parser-empty1"}
{"timestamp": "2026-07-27T10:10:05.920273+08:00", "level": "runtime", "action": "schema_validation_ok", "project_id": "empty1", "agent": "parser", "task_id": "parser-empty1"}
{"timestamp": "2026-07-27T10:10:05.920648+08:00", "level": "runtime", "action": "workspace_saved", "project_id": "empty1", "agent": "parser", "extra": {"path": "/private/var/folders/0g/qs_2dts56wv6c2ctndzz2txm0000gn/T/pytest-of-shijunteng/pytest-7/test_run_parser_empty_input0/ws/projects/empty1/original_model.json", "version": "v1"}}
{"timestamp": "2026-07-27T10:10:05.920815+08:00", "level": "runtime", "action": "checkpoint_saved", "project_id": "empty1", "agent": "parser", "extra": {"path": "/private/var/folders/0g/qs_2dts56wv6c2ctndzz2txm0000gn/T/pytest-of-shijunteng/pytest-7/test_run_parser_empty_input0/ws/projects/empty1/checkpoint_parser_v1.json", "checkpoint": "checkpoint_parser_v1.json"}}
{"timestamp": "2026-07-27T10:10:05.920862+08:00", "level": "runtime", "action": "parser_finished", "project_id": "empty1", "agent": "parser", "task_id": "parser-empty1", "extra": {"success": true}}
{"timestamp": "2026-07-27T10:39:58.869701+08:00", "level": "runtime", "action": "design_started", "project_id": "ds_test", "agent": "design", "task_id": "design-ds_test"}
{"timestamp": "2026-07-27T10:39:58.870934+08:00", "level": "runtime", "action": "schema_validation_ok", "project_id": "ds_test", "agent": "design", "task_id": "design-ds_test"}
{"timestamp": "2026-07-27T10:39:58.871126+08:00", "level": "runtime", "action": "design_finished", "project_id": "ds_test", "agent": "design", "task_id": "design-ds_test", "extra": {"success": true}}
{"timestamp": "2026-07-27T10:39:59.014091+08:00", "level": "runtime", "action": "parser_started", "project_id": "t1", "agent": "parser", "task_id": "parser-t1", "extra": {"input": "/Users/shijunteng/Desktop/图纸/InteriorDesignOS/examples/input/sample_json/sample.json"}}
{"timestamp": "2026-07-27T10:39:59.014220+08:00", "level": "runtime", "action": "input_loaded", "project_id": "t1", "agent": "parser", "task_id": "parser-t1", "extra": {"size": 1134, "mime": "application/json", "hash": "4a1b9feacf11"}}
{"timestamp": "2026-07-27T10:39:59.014269+08:00", "level": "runtime", "action": "input_type", "project_id": "t1", "agent": "parser", "task_id": "parser-t1", "extra": {"input_type": "TEXT"}}
{"timestamp": "2026-07-27T10:39:59.014430+08:00", "level": "runtime", "action": "schema_validation", "project_id": "t1", "agent": "parser", "task_id": "parser-t1"}
{"timestamp": "2026-07-27T10:39:59.015067+08:00", "level": "runtime", "action": "schema_validation_ok", "project_id": "t1", "agent": "parser", "task_id": "parser-t1"}
{"timestamp": "2026-07-27T10:39:59.015459+08:00", "level": "runtime", "action": "workspace_saved", "project_id": "t1", "agent": "parser", "extra": {"path": "/private/var/folders/0g/qs_2dts56wv6c2ctndzz2txm0000gn/T/pytest-of-shijunteng/pytest-10/test_run_parser_success_saves_0/ws/projects/t1/original_model.json", "version": "v1"}}
{"timestamp": "2026-07-27T10:39:59.015642+08:00", "level": "runtime", "action": "checkpoint_saved", "project_id": "t1", "agent": "parser", "extra": {"path": "/private/var/folders/0g/qs_2dts56wv6c2ctndzz2txm0000gn/T/pytest-of-shijunteng/pytest-10/test_run_parser_success_saves_0/ws/projects/t1/checkpoint_parser_v1.json", "checkpoint": "checkpoint_parser_v1.json"}}
{"timestamp": "2026-07-27T10:39:59.015709+08:00", "level": "runtime", "action": "parser_finished", "project_id": "t1", "agent": "parser", "task_id": "parser-t1", "extra": {"success": true}}
{"timestamp": "2026-07-27T10:39:59.016976+08:00", "level": "runtime", "action": "parser_started", "project_id": "img1", "agent": "parser", "task_id": "parser-img1", "extra": {"input": "/Users/shijunteng/Desktop/图纸/InteriorDesignOS/examples/input/sample_image/sample.png"}}
{"timestamp": "2026-07-27T10:39:59.017189+08:00", "level": "runtime", "action": "input_loaded", "project_id": "img1", "agent": "parser", "task_id": "parser-img1", "extra": {"size": 69, "mime": "image/png", "hash": "ae4055a4c637"}}
{"timestamp": "2026-07-27T10:39:59.017284+08:00", "level": "runtime", "action": "input_type", "project_id": "img1", "agent": "parser", "task_id": "parser-img1", "extra": {"input_type": "IMAGE"}}
{"timestamp": "2026-07-27T10:39:59.017388+08:00", "level": "runtime", "action": "schema_validation", "project_id": "img1", "agent": "parser", "task_id": "parser-img1"}
{"timestamp": "2026-07-27T10:39:59.017694+08:00", "level": "runtime", "action": "schema_validation_ok", "project_id": "img1", "agent": "parser", "task_id": "parser-img1"}
{"timestamp": "2026-07-27T10:39:59.018168+08:00", "level": "runtime", "action": "workspace_saved", "project_id": "img1", "agent": "parser", "extra": {"path": "/private/var/folders/0g/qs_2dts56wv6c2ctndzz2txm0000gn/T/pytest-of-shijunteng/pytest-10/test_run_parser_image_empty_ge0/ws/projects/img1/original_model.json", "version": "v1"}}
{"timestamp": "2026-07-27T10:39:59.019264+08:00", "level": "runtime", "action": "checkpoint_saved", "project_id": "img1", "agent": "parser", "extra": {"path": "/private/var/folders/0g/qs_2dts56wv6c2ctndzz2txm0000gn/T/pytest-of-shijunteng/pytest-10/test_run_parser_image_empty_ge0/ws/projects/img1/checkpoint_parser_v1.json", "checkpoint": "checkpoint_parser_v1.json"}}
{"timestamp": "2026-07-27T10:39:59.019370+08:00", "level": "runtime", "action": "parser_finished", "project_id": "img1", "agent": "parser", "task_id": "parser-img1", "extra": {"success": true}}
{"timestamp": "2026-07-27T10:39:59.021370+08:00", "level": "runtime", "action": "parser_started", "project_id": "pdf1", "agent": "parser", "task_id": "parser-pdf1", "extra": {"input": "/Users/shijunteng/Desktop/图纸/InteriorDesignOS/examples/input/sample_pdf/sample.pdf"}}
{"timestamp": "2026-07-27T10:39:59.021762+08:00", "level": "runtime", "action": "input_loaded", "project_id": "pdf1", "agent": "parser", "task_id": "parser-pdf1", "extra": {"size": 193, "mime": "application/pdf", "hash": "e5a636ac00ea"}}
{"timestamp": "2026-07-27T10:39:59.021842+08:00", "level": "runtime", "action": "input_type", "project_id": "pdf1", "agent": "parser", "task_id": "parser-pdf1", "extra": {"input_type": "PDF"}}
{"timestamp": "2026-07-27T10:39:59.021965+08:00", "level": "runtime", "action": "schema_validation", "project_id": "pdf1", "agent": "parser", "task_id": "parser-pdf1"}
{"timestamp": "2026-07-27T10:39:59.022340+08:00", "level": "runtime", "action": "schema_validation_ok", "project_id": "pdf1", "agent": "parser", "task_id": "parser-pdf1"}
{"timestamp": "2026-07-27T10:39:59.022775+08:00", "level": "runtime", "action": "workspace_saved", "project_id": "pdf1", "agent": "parser", "extra": {"path": "/private/var/folders/0g/qs_2dts56wv6c2ctndzz2txm0000gn/T/pytest-of-shijunteng/pytest-10/test_run_parser_pdf_empty_geom0/ws/projects/pdf1/original_model.json", "version": "v1"}}
{"timestamp": "2026-07-27T10:39:59.022980+08:00", "level": "runtime", "action": "checkpoint_saved", "project_id": "pdf1", "agent": "parser", "extra": {"path": "/private/var/folders/0g/qs_2dts56wv6c2ctndzz2txm0000gn/T/pytest-of-shijunteng/pytest-10/test_run_parser_pdf_empty_geom0/ws/projects/pdf1/checkpoint_parser_v1.json", "checkpoint": "checkpoint_parser_v1.json"}}
{"timestamp": "2026-07-27T10:39:59.023029+08:00", "level": "runtime", "action": "parser_finished", "project_id": "pdf1", "agent": "parser", "task_id": "parser-pdf1", "extra": {"success": true}}
{"timestamp": "2026-07-27T10:39:59.024032+08:00", "level": "runtime", "action": "parser_started", "project_id": "x", "agent": "parser", "task_id": "parser-x", "extra": {"input": "/Users/shijunteng/Desktop/图纸/InteriorDesignOS/examples/input/does_not_exist.dwg"}}
{"timestamp": "2026-07-27T10:39:59.024739+08:00", "level": "runtime", "action": "parser_started", "project_id": "empty1", "agent": "parser", "task_id": "parser-empty1", "extra": {"input": "/Users/shijunteng/Desktop/图纸/InteriorDesignOS/examples/input/empty_project/empty.txt"}}
{"timestamp": "2026-07-27T10:39:59.024849+08:00", "level": "runtime", "action": "input_loaded", "project_id": "empty1", "agent": "parser", "task_id": "parser-empty1", "extra": {"size": 0, "mime": "text/plain", "hash": "e3b0c44298fc"}}
{"timestamp": "2026-07-27T10:39:59.024905+08:00", "level": "runtime", "action": "input_type", "project_id": "empty1", "agent": "parser", "task_id": "parser-empty1", "extra": {"input_type": "TEXT"}}
{"timestamp": "2026-07-27T10:39:59.025015+08:00", "level": "runtime", "action": "schema_validation", "project_id": "empty1", "agent": "parser", "task_id": "parser-empty1"}
{"timestamp": "2026-07-27T10:39:59.025426+08:00", "level": "runtime", "action": "schema_validation_ok", "project_id": "empty1", "agent": "parser", "task_id": "parser-empty1"}
{"timestamp": "2026-07-27T10:39:59.025757+08:00", "level": "runtime", "action": "workspace_saved", "project_id": "empty1", "agent": "parser", "extra": {"path": "/private/var/folders/0g/qs_2dts56wv6c2ctndzz2txm0000gn/T/pytest-of-shijunteng/pytest-10/test_run_parser_empty_input0/ws/projects/empty1/original_model.json", "version": "v1"}}
{"timestamp": "2026-07-27T10:39:59.025911+08:00", "level": "runtime", "action": "checkpoint_saved", "project_id": "empty1", "agent": "parser", "extra": {"path": "/private/var/folders/0g/qs_2dts56wv6c2ctndzz2txm0000gn/T/pytest-of-shijunteng/pytest-10/test_run_parser_empty_input0/ws/projects/empty1/checkpoint_parser_v1.json", "checkpoint": "checkpoint_parser_v1.json"}}
{"timestamp": "2026-07-27T10:39:59.025955+08:00", "level": "runtime", "action": "parser_finished", "project_id": "empty1", "agent": "parser", "task_id": "parser-empty1", "extra": {"success": true}}
{"timestamp": "2026-07-27T10:40:42.779885+08:00", "level": "runtime", "action": "design_started", "project_id": "ds_test", "agent": "design", "task_id": "design-ds_test"}
{"timestamp": "2026-07-27T10:40:42.780731+08:00", "level": "runtime", "action": "schema_validation_ok", "project_id": "ds_test", "agent": "design", "task_id": "design-ds_test"}
{"timestamp": "2026-07-27T10:40:42.780784+08:00", "level": "runtime", "action": "design_finished", "project_id": "ds_test", "agent": "design", "task_id": "design-ds_test", "extra": {"success": true}}
{"timestamp": "2026-07-27T10:40:42.921625+08:00", "level": "runtime", "action": "parser_started", "project_id": "t1", "agent": "parser", "task_id": "parser-t1", "extra": {"input": "/Users/shijunteng/Desktop/图纸/InteriorDesignOS/examples/input/sample_json/sample.json"}}
{"timestamp": "2026-07-27T10:40:42.921775+08:00", "level": "runtime", "action": "input_loaded", "project_id": "t1", "agent": "parser", "task_id": "parser-t1", "extra": {"size": 1134, "mime": "application/json", "hash": "4a1b9feacf11"}}
{"timestamp": "2026-07-27T10:40:42.921828+08:00", "level": "runtime", "action": "input_type", "project_id": "t1", "agent": "parser", "task_id": "parser-t1", "extra": {"input_type": "TEXT"}}
{"timestamp": "2026-07-27T10:40:42.921965+08:00", "level": "runtime", "action": "schema_validation", "project_id": "t1", "agent": "parser", "task_id": "parser-t1"}
{"timestamp": "2026-07-27T10:40:42.922598+08:00", "level": "runtime", "action": "schema_validation_ok", "project_id": "t1", "agent": "parser", "task_id": "parser-t1"}
{"timestamp": "2026-07-27T10:40:42.922959+08:00", "level": "runtime", "action": "workspace_saved", "project_id": "t1", "agent": "parser", "extra": {"path": "/private/var/folders/0g/qs_2dts56wv6c2ctndzz2txm0000gn/T/pytest-of-shijunteng/pytest-11/test_run_parser_success_saves_0/ws/projects/t1/original_model.json", "version": "v1"}}
{"timestamp": "2026-07-27T10:40:42.923135+08:00", "level": "runtime", "action": "checkpoint_saved", "project_id": "t1", "agent": "parser", "extra": {"path": "/private/var/folders/0g/qs_2dts56wv6c2ctndzz2txm0000gn/T/pytest-of-shijunteng/pytest-11/test_run_parser_success_saves_0/ws/projects/t1/checkpoint_parser_v1.json", "checkpoint": "checkpoint_parser_v1.json"}}
{"timestamp": "2026-07-27T10:40:42.923197+08:00", "level": "runtime", "action": "parser_finished", "project_id": "t1", "agent": "parser", "task_id": "parser-t1", "extra": {"success": true}}
{"timestamp": "2026-07-27T10:40:42.924389+08:00", "level": "runtime", "action": "parser_started", "project_id": "img1", "agent": "parser", "task_id": "parser-img1", "extra": {"input": "/Users/shijunteng/Desktop/图纸/InteriorDesignOS/examples/input/sample_image/sample.png"}}
{"timestamp": "2026-07-27T10:40:42.924612+08:00", "level": "runtime", "action": "input_loaded", "project_id": "img1", "agent": "parser", "task_id": "parser-img1", "extra": {"size": 69, "mime": "image/png", "hash": "ae4055a4c637"}}
{"timestamp": "2026-07-27T10:40:42.924686+08:00", "level": "runtime", "action": "input_type", "project_id": "img1", "agent": "parser", "task_id": "parser-img1", "extra": {"input_type": "IMAGE"}}
{"timestamp": "2026-07-27T10:40:42.924789+08:00", "level": "runtime", "action": "schema_validation", "project_id": "img1", "agent": "parser", "task_id": "parser-img1"}
{"timestamp": "2026-07-27T10:40:42.925098+08:00", "level": "runtime", "action": "schema_validation_ok", "project_id": "img1", "agent": "parser", "task_id": "parser-img1"}
{"timestamp": "2026-07-27T10:40:42.925473+08:00", "level": "runtime", "action": "workspace_saved", "project_id": "img1", "agent": "parser", "extra": {"path": "/private/var/folders/0g/qs_2dts56wv6c2ctndzz2txm0000gn/T/pytest-of-shijunteng/pytest-11/test_run_parser_image_empty_ge0/ws/projects/img1/original_model.json", "version": "v1"}}
{"timestamp": "2026-07-27T10:40:42.925638+08:00", "level": "runtime", "action": "checkpoint_saved", "project_id": "img1", "agent": "parser", "extra": {"path": "/private/var/folders/0g/qs_2dts56wv6c2ctndzz2txm0000gn/T/pytest-of-shijunteng/pytest-11/test_run_parser_image_empty_ge0/ws/projects/img1/checkpoint_parser_v1.json", "checkpoint": "checkpoint_parser_v1.json"}}
{"timestamp": "2026-07-27T10:40:42.925685+08:00", "level": "runtime", "action": "parser_finished", "project_id": "img1", "agent": "parser", "task_id": "parser-img1", "extra": {"success": true}}
{"timestamp": "2026-07-27T10:40:42.926729+08:00", "level": "runtime", "action": "parser_started", "project_id": "pdf1", "agent": "parser", "task_id": "parser-pdf1", "extra": {"input": "/Users/shijunteng/Desktop/图纸/InteriorDesignOS/examples/input/sample_pdf/sample.pdf"}}
{"timestamp": "2026-07-27T10:40:42.926959+08:00", "level": "runtime", "action": "input_loaded", "project_id": "pdf1", "agent": "parser", "task_id": "parser-pdf1", "extra": {"size": 193, "mime": "application/pdf", "hash": "e5a636ac00ea"}}
{"timestamp": "2026-07-27T10:40:42.927007+08:00", "level": "runtime", "action": "input_type", "project_id": "pdf1", "agent": "parser", "task_id": "parser-pdf1", "extra": {"input_type": "PDF"}}
{"timestamp": "2026-07-27T10:40:42.927081+08:00", "level": "runtime", "action": "schema_validation", "project_id": "pdf1", "agent": "parser", "task_id": "parser-pdf1"}
{"timestamp": "2026-07-27T10:40:42.927363+08:00", "level": "runtime", "action": "schema_validation_ok", "project_id": "pdf1", "agent": "parser", "task_id": "parser-pdf1"}
{"timestamp": "2026-07-27T10:40:42.927700+08:00", "level": "runtime", "action": "workspace_saved", "project_id": "pdf1", "agent": "parser", "extra": {"path": "/private/var/folders/0g/qs_2dts56wv6c2ctndzz2txm0000gn/T/pytest-of-shijunteng/pytest-11/test_run_parser_pdf_empty_geom0/ws/projects/pdf1/original_model.json", "version": "v1"}}
{"timestamp": "2026-07-27T10:40:42.927861+08:00", "level": "runtime", "action": "checkpoint_saved", "project_id": "pdf1", "agent": "parser", "extra": {"path": "/private/var/folders/0g/qs_2dts56wv6c2ctndzz2txm0000gn/T/pytest-of-shijunteng/pytest-11/test_run_parser_pdf_empty_geom0/ws/projects/pdf1/checkpoint_parser_v1.json", "checkpoint": "checkpoint_parser_v1.json"}}
{"timestamp": "2026-07-27T10:40:42.927908+08:00", "level": "runtime", "action": "parser_finished", "project_id": "pdf1", "agent": "parser", "task_id": "parser-pdf1", "extra": {"success": true}}
{"timestamp": "2026-07-27T10:40:42.928655+08:00", "level": "runtime", "action": "parser_started", "project_id": "x", "agent": "parser", "task_id": "parser-x", "extra": {"input": "/Users/shijunteng/Desktop/图纸/InteriorDesignOS/examples/input/does_not_exist.dwg"}}
{"timestamp": "2026-07-27T10:40:42.929345+08:00", "level": "runtime", "action": "parser_started", "project_id": "empty1", "agent": "parser", "task_id": "parser-empty1", "extra": {"input": "/Users/shijunteng/Desktop/图纸/InteriorDesignOS/examples/input/empty_project/empty.txt"}}
{"timestamp": "2026-07-27T10:40:42.929435+08:00", "level": "runtime", "action": "input_loaded", "project_id": "empty1", "agent": "parser", "task_id": "parser-empty1", "extra": {"size": 0, "mime": "text/plain", "hash": "e3b0c44298fc"}}
{"timestamp": "2026-07-27T10:40:42.929478+08:00", "level": "runtime", "action": "input_type", "project_id": "empty1", "agent": "parser", "task_id": "parser-empty1", "extra": {"input_type": "TEXT"}}
{"timestamp": "2026-07-27T10:40:42.929576+08:00", "level": "runtime", "action": "schema_validation", "project_id": "empty1", "agent": "parser", "task_id": "parser-empty1"}
{"timestamp": "2026-07-27T10:40:42.929858+08:00", "level": "runtime", "action": "schema_validation_ok", "project_id": "empty1", "agent": "parser", "task_id": "parser-empty1"}
{"timestamp": "2026-07-27T10:40:42.930227+08:00", "level": "runtime", "action": "workspace_saved", "project_id": "empty1", "agent": "parser", "extra": {"path": "/private/var/folders/0g/qs_2dts56wv6c2ctndzz2txm0000gn/T/pytest-of-shijunteng/pytest-11/test_run_parser_empty_input0/ws/projects/empty1/original_model.json", "version": "v1"}}
{"timestamp": "2026-07-27T10:40:42.930393+08:00", "level": "runtime", "action": "checkpoint_saved", "project_id": "empty1", "agent": "parser", "extra": {"path": "/private/var/folders/0g/qs_2dts56wv6c2ctndzz2txm0000gn/T/pytest-of-shijunteng/pytest-11/test_run_parser_empty_input0/ws/projects/empty1/checkpoint_parser_v1.json", "checkpoint": "checkpoint_parser_v1.json"}}
{"timestamp": "2026-07-27T10:40:42.930442+08:00", "level": "runtime", "action": "parser_finished", "project_id": "empty1", "agent": "parser", "task_id": "parser-empty1", "extra": {"success": true}}
{"timestamp": "2026-07-27T16:17:49.173984+08:00", "level": "runtime", "action": "design_started", "project_id": "ds_test", "agent": "design", "task_id": "design-ds_test"}
{"timestamp": "2026-07-27T16:17:49.174929+08:00", "level": "runtime", "action": "schema_validation_ok", "project_id": "ds_test", "agent": "design", "task_id": "design-ds_test"}
{"timestamp": "2026-07-27T16:17:49.175010+08:00", "level": "runtime", "action": "design_finished", "project_id": "ds_test", "agent": "design", "task_id": "design-ds_test", "extra": {"success": true}}
{"timestamp": "2026-07-27T16:17:49.342825+08:00", "level": "runtime", "action": "parser_started", "project_id": "t1", "agent": "parser", "task_id": "parser-t1", "extra": {"input": "/Users/shijunteng/Desktop/图纸/InteriorDesignOS/examples/input/sample_json/sample.json"}}
{"timestamp": "2026-07-27T16:17:49.342998+08:00", "level": "runtime", "action": "input_loaded", "project_id": "t1", "agent": "parser", "task_id": "parser-t1", "extra": {"size": 1134, "mime": "application/json", "hash": "4a1b9feacf11"}}
{"timestamp": "2026-07-27T16:17:49.343051+08:00", "level": "runtime", "action": "input_type", "project_id": "t1", "agent": "parser", "task_id": "parser-t1", "extra": {"input_type": "TEXT"}}
{"timestamp": "2026-07-27T16:17:49.343197+08:00", "level": "runtime", "action": "schema_validation", "project_id": "t1", "agent": "parser", "task_id": "parser-t1"}
{"timestamp": "2026-07-27T16:17:49.343805+08:00", "level": "runtime", "action": "schema_validation_ok", "project_id": "t1", "agent": "parser", "task_id": "parser-t1"}
{"timestamp": "2026-07-27T16:17:49.344193+08:00", "level": "runtime", "action": "workspace_saved", "project_id": "t1", "agent": "parser", "extra": {"path": "/private/var/folders/0g/qs_2dts56wv6c2ctndzz2txm0000gn/T/pytest-of-shijunteng/pytest-13/test_run_parser_success_saves_0/ws/projects/t1/original_model.json", "version": "v1"}}
{"timestamp": "2026-07-27T16:17:49.344381+08:00", "level": "runtime", "action": "checkpoint_saved", "project_id": "t1", "agent": "parser", "extra": {"path": "/private/var/folders/0g/qs_2dts56wv6c2ctndzz2txm0000gn/T/pytest-of-shijunteng/pytest-13/test_run_parser_success_saves_0/ws/projects/t1/checkpoint_parser_v1.json", "checkpoint": "checkpoint_parser_v1.json"}}
{"timestamp": "2026-07-27T16:17:49.344428+08:00", "level": "runtime", "action": "parser_finished", "project_id": "t1", "agent": "parser", "task_id": "parser-t1", "extra": {"success": true}}
{"timestamp": "2026-07-27T16:17:49.345727+08:00", "level": "runtime", "action": "parser_started", "project_id": "img1", "agent": "parser", "task_id": "parser-img1", "extra": {"input": "/Users/shijunteng/Desktop/图纸/InteriorDesignOS/examples/input/sample_image/sample.png"}}
{"timestamp": "2026-07-27T16:17:49.345965+08:00", "level": "runtime", "action": "input_loaded", "project_id": "img1", "agent": "parser", "task_id": "parser-img1", "extra": {"size": 69, "mime": "image/png", "hash": "ae4055a4c637"}}
{"timestamp": "2026-07-27T16:17:49.346019+08:00", "level": "runtime", "action": "input_type", "project_id": "img1", "agent": "parser", "task_id": "parser-img1", "extra": {"input_type": "IMAGE"}}
{"timestamp": "2026-07-27T16:17:49.346102+08:00", "level": "runtime", "action": "schema_validation", "project_id": "img1", "agent": "parser", "task_id": "parser-img1"}
{"timestamp": "2026-07-27T16:17:49.346415+08:00", "level": "runtime", "action": "schema_validation_ok", "project_id": "img1", "agent": "parser", "task_id": "parser-img1"}
{"timestamp": "2026-07-27T16:17:49.346800+08:00", "level": "runtime", "action": "workspace_saved", "project_id": "img1", "agent": "parser", "extra": {"path": "/private/var/folders/0g/qs_2dts56wv6c2ctndzz2txm0000gn/T/pytest-of-shijunteng/pytest-13/test_run_parser_image_empty_ge0/ws/projects/img1/original_model.json", "version": "v1"}}
{"timestamp": "2026-07-27T16:17:49.346968+08:00", "level": "runtime", "action": "checkpoint_saved", "project_id": "img1", "agent": "parser", "extra": {"path": "/private/var/folders/0g/qs_2dts56wv6c2ctndzz2txm0000gn/T/pytest-of-shijunteng/pytest-13/test_run_parser_image_empty_ge0/ws/projects/img1/checkpoint_parser_v1.json", "checkpoint": "checkpoint_parser_v1.json"}}
{"timestamp": "2026-07-27T16:17:49.347016+08:00", "level": "runtime", "action": "parser_finished", "project_id": "img1", "agent": "parser", "task_id": "parser-img1", "extra": {"success": true}}
{"timestamp": "2026-07-27T16:17:49.348168+08:00", "level": "runtime", "action": "parser_started", "project_id": "pdf1", "agent": "parser", "task_id": "parser-pdf1", "extra": {"input": "/Users/shijunteng/Desktop/图纸/InteriorDesignOS/examples/input/sample_pdf/sample.pdf"}}
{"timestamp": "2026-07-27T16:17:49.348408+08:00", "level": "runtime", "action": "input_loaded", "project_id": "pdf1", "agent": "parser", "task_id": "parser-pdf1", "extra": {"size": 193, "mime": "application/pdf", "hash": "e5a636ac00ea"}}
{"timestamp": "2026-07-27T16:17:49.348496+08:00", "level": "runtime", "action": "input_type", "project_id": "pdf1", "agent": "parser", "task_id": "parser-pdf1", "extra": {"input_type": "PDF"}}
{"timestamp": "2026-07-27T16:17:49.348602+08:00", "level": "runtime", "action": "schema_validation", "project_id": "pdf1", "agent": "parser", "task_id": "parser-pdf1"}
{"timestamp": "2026-07-27T16:17:49.348940+08:00", "level": "runtime", "action": "schema_validation_ok", "project_id": "pdf1", "agent": "parser", "task_id": "parser-pdf1"}
{"timestamp": "2026-07-27T16:17:49.351195+08:00", "level": "runtime", "action": "workspace_saved", "project_id": "pdf1", "agent": "parser", "extra": {"path": "/private/var/folders/0g/qs_2dts56wv6c2ctndzz2txm0000gn/T/pytest-of-shijunteng/pytest-13/test_run_parser_pdf_empty_geom0/ws/projects/pdf1/original_model.json", "version": "v1"}}
{"timestamp": "2026-07-27T16:17:49.351795+08:00", "level": "runtime", "action": "checkpoint_saved", "project_id": "pdf1", "agent": "parser", "extra": {"path": "/private/var/folders/0g/qs_2dts56wv6c2ctndzz2txm0000gn/T/pytest-of-shijunteng/pytest-13/test_run_parser_pdf_empty_geom0/ws/projects/pdf1/checkpoint_parser_v1.json", "checkpoint": "checkpoint_parser_v1.json"}}
{"timestamp": "2026-07-27T16:17:49.351889+08:00", "level": "runtime", "action": "parser_finished", "project_id": "pdf1", "agent": "parser", "task_id": "parser-pdf1", "extra": {"success": true}}
{"timestamp": "2026-07-27T16:17:49.353330+08:00", "level": "runtime", "action": "parser_started", "project_id": "x", "agent": "parser", "task_id": "parser-x", "extra": {"input": "/Users/shijunteng/Desktop/图纸/InteriorDesignOS/examples/input/does_not_exist.dwg"}}
{"timestamp": "2026-07-27T16:17:49.354157+08:00", "level": "runtime", "action": "parser_started", "project_id": "empty1", "agent": "parser", "task_id": "parser-empty1", "extra": {"input": "/Users/shijunteng/Desktop/图纸/InteriorDesignOS/examples/input/empty_project/empty.txt"}}
{"timestamp": "2026-07-27T16:17:49.354283+08:00", "level": "runtime", "action": "input_loaded", "project_id": "empty1", "agent": "parser", "task_id": "parser-empty1", "extra": {"size": 0, "mime": "text/plain", "hash": "e3b0c44298fc"}}
{"timestamp": "2026-07-27T16:17:49.354344+08:00", "level": "runtime", "action": "input_type", "project_id": "empty1", "agent": "parser", "task_id": "parser-empty1", "extra": {"input_type": "TEXT"}}
{"timestamp": "2026-07-27T16:17:49.354455+08:00", "level": "runtime", "action": "schema_validation", "project_id": "empty1", "agent": "parser", "task_id": "parser-empty1"}
{"timestamp": "2026-07-27T16:17:49.354803+08:00", "level": "runtime", "action": "schema_validation_ok", "project_id": "empty1", "agent": "parser", "task_id": "parser-empty1"}
{"timestamp": "2026-07-27T16:17:49.355177+08:00", "level": "runtime", "action": "workspace_saved", "project_id": "empty1", "agent": "parser", "extra": {"path": "/private/var/folders/0g/qs_2dts56wv6c2ctndzz2txm0000gn/T/pytest-of-shijunteng/pytest-13/test_run_parser_empty_input0/ws/projects/empty1/original_model.json", "version": "v1"}}
{"timestamp": "2026-07-27T16:17:49.355349+08:00", "level": "runtime", "action": "checkpoint_saved", "project_id": "empty1", "agent": "parser", "extra": {"path": "/private/var/folders/0g/qs_2dts56wv6c2ctndzz2txm0000gn/T/pytest-of-shijunteng/pytest-13/test_run_parser_empty_input0/ws/projects/empty1/checkpoint_parser_v1.json", "checkpoint": "checkpoint_parser_v1.json"}}
{"timestamp": "2026-07-27T16:17:49.355403+08:00", "level": "runtime", "action": "parser_finished", "project_id": "empty1", "agent": "parser", "task_id": "parser-empty1", "extra": {"success": true}}
{"timestamp": "2026-07-27T16:27:34.843208+08:00", "level": "runtime", "action": "design_started", "project_id": "ds_test", "agent": "design", "task_id": "design-ds_test"}
{"timestamp": "2026-07-27T16:27:34.844227+08:00", "level": "runtime", "action": "schema_validation_ok", "project_id": "ds_test", "agent": "design", "task_id": "design-ds_test"}
{"timestamp": "2026-07-27T16:27:34.844300+08:00", "level": "runtime", "action": "design_finished", "project_id": "ds_test", "agent": "design", "task_id": "design-ds_test", "extra": {"success": true}}
{"timestamp": "2026-07-27T16:27:34.970707+08:00", "level": "runtime", "action": "parser_started", "project_id": "t1", "agent": "parser", "task_id": "parser-t1", "extra": {"input": "/Users/shijunteng/Desktop/图纸/InteriorDesignOS/examples/input/sample_json/sample.json"}}
{"timestamp": "2026-07-27T16:27:34.970819+08:00", "level": "runtime", "action": "input_loaded", "project_id": "t1", "agent": "parser", "task_id": "parser-t1", "extra": {"size": 1134, "mime": "application/json", "hash": "4a1b9feacf11"}}
{"timestamp": "2026-07-27T16:27:34.970868+08:00", "level": "runtime", "action": "input_type", "project_id": "t1", "agent": "parser", "task_id": "parser-t1", "extra": {"input_type": "TEXT"}}
{"timestamp": "2026-07-27T16:27:34.970996+08:00", "level": "runtime", "action": "schema_validation", "project_id": "t1", "agent": "parser", "task_id": "parser-t1"}
{"timestamp": "2026-07-27T16:27:34.971592+08:00", "level": "runtime", "action": "schema_validation_ok", "project_id": "t1", "agent": "parser", "task_id": "parser-t1"}
{"timestamp": "2026-07-27T16:27:34.971955+08:00", "level": "runtime", "action": "workspace_saved", "project_id": "t1", "agent": "parser", "extra": {"path": "/private/var/folders/0g/qs_2dts56wv6c2ctndzz2txm0000gn/T/pytest-of-shijunteng/pytest-14/test_run_parser_success_saves_0/ws/projects/t1/original_model.json", "version": "v1"}}
{"timestamp": "2026-07-27T16:27:34.972127+08:00", "level": "runtime", "action": "checkpoint_saved", "project_id": "t1", "agent": "parser", "extra": {"path": "/private/var/folders/0g/qs_2dts56wv6c2ctndzz2txm0000gn/T/pytest-of-shijunteng/pytest-14/test_run_parser_success_saves_0/ws/projects/t1/checkpoint_parser_v1.json", "checkpoint": "checkpoint_parser_v1.json"}}
{"timestamp": "2026-07-27T16:27:34.972170+08:00", "level": "runtime", "action": "parser_finished", "project_id": "t1", "agent": "parser", "task_id": "parser-t1", "extra": {"success": true}}
{"timestamp": "2026-07-27T16:27:34.973317+08:00", "level": "runtime", "action": "parser_started", "project_id": "img1", "agent": "parser", "task_id": "parser-img1", "extra": {"input": "/Users/shijunteng/Desktop/图纸/InteriorDesignOS/examples/input/sample_image/sample.png"}}
{"timestamp": "2026-07-27T16:27:34.973530+08:00", "level": "runtime", "action": "input_loaded", "project_id": "img1", "agent": "parser", "task_id": "parser-img1", "extra": {"size": 69, "mime": "image/png", "hash": "ae4055a4c637"}}
{"timestamp": "2026-07-27T16:27:34.973599+08:00", "level": "runtime", "action": "input_type", "project_id": "img1", "agent": "parser", "task_id": "parser-img1", "extra": {"input_type": "IMAGE"}}
{"timestamp": "2026-07-27T16:27:34.973695+08:00", "level": "runtime", "action": "schema_validation", "project_id": "img1", "agent": "parser", "task_id": "parser-img1"}
{"timestamp": "2026-07-27T16:27:34.973991+08:00", "level": "runtime", "action": "schema_validation_ok", "project_id": "img1", "agent": "parser", "task_id": "parser-img1"}
{"timestamp": "2026-07-27T16:27:34.974449+08:00", "level": "runtime", "action": "workspace_saved", "project_id": "img1", "agent": "parser", "extra": {"path": "/private/var/folders/0g/qs_2dts56wv6c2ctndzz2txm0000gn/T/pytest-of-shijunteng/pytest-14/test_run_parser_image_empty_ge0/ws/projects/img1/original_model.json", "version": "v1"}}
{"timestamp": "2026-07-27T16:27:34.974910+08:00", "level": "runtime", "action": "checkpoint_saved", "project_id": "img1", "agent": "parser", "extra": {"path": "/private/var/folders/0g/qs_2dts56wv6c2ctndzz2txm0000gn/T/pytest-of-shijunteng/pytest-14/test_run_parser_image_empty_ge0/ws/projects/img1/checkpoint_parser_v1.json", "checkpoint": "checkpoint_parser_v1.json"}}
{"timestamp": "2026-07-27T16:27:34.974998+08:00", "level": "runtime", "action": "parser_finished", "project_id": "img1", "agent": "parser", "task_id": "parser-img1", "extra": {"success": true}}
{"timestamp": "2026-07-27T16:27:34.976328+08:00", "level": "runtime", "action": "parser_started", "project_id": "pdf1", "agent": "parser", "task_id": "parser-pdf1", "extra": {"input": "/Users/shijunteng/Desktop/图纸/InteriorDesignOS/examples/input/sample_pdf/sample.pdf"}}
{"timestamp": "2026-07-27T16:27:34.976571+08:00", "level": "runtime", "action": "input_loaded", "project_id": "pdf1", "agent": "parser", "task_id": "parser-pdf1", "extra": {"size": 193, "mime": "application/pdf", "hash": "e5a636ac00ea"}}
{"timestamp": "2026-07-27T16:27:34.976638+08:00", "level": "runtime", "action": "input_type", "project_id": "pdf1", "agent": "parser", "task_id": "parser-pdf1", "extra": {"input_type": "PDF"}}
{"timestamp": "2026-07-27T16:27:34.976731+08:00", "level": "runtime", "action": "schema_validation", "project_id": "pdf1", "agent": "parser", "task_id": "parser-pdf1"}
{"timestamp": "2026-07-27T16:27:34.977076+08:00", "level": "runtime", "action": "schema_validation_ok", "project_id": "pdf1", "agent": "parser", "task_id": "parser-pdf1"}
{"timestamp": "2026-07-27T16:27:34.977449+08:00", "level": "runtime", "action": "workspace_saved", "project_id": "pdf1", "agent": "parser", "extra": {"path": "/private/var/folders/0g/qs_2dts56wv6c2ctndzz2txm0000gn/T/pytest-of-shijunteng/pytest-14/test_run_parser_pdf_empty_geom0/ws/projects/pdf1/original_model.json", "version": "v1"}}
{"timestamp": "2026-07-27T16:27:34.977611+08:00", "level": "runtime", "action": "checkpoint_saved", "project_id": "pdf1", "agent": "parser", "extra": {"path": "/private/var/folders/0g/qs_2dts56wv6c2ctndzz2txm0000gn/T/pytest-of-shijunteng/pytest-14/test_run_parser_pdf_empty_geom0/ws/projects/pdf1/checkpoint_parser_v1.json", "checkpoint": "checkpoint_parser_v1.json"}}
{"timestamp": "2026-07-27T16:27:34.977663+08:00", "level": "runtime", "action": "parser_finished", "project_id": "pdf1", "agent": "parser", "task_id": "parser-pdf1", "extra": {"success": true}}
{"timestamp": "2026-07-27T16:27:34.978418+08:00", "level": "runtime", "action": "parser_started", "project_id": "x", "agent": "parser", "task_id": "parser-x", "extra": {"input": "/Users/shijunteng/Desktop/图纸/InteriorDesignOS/examples/input/does_not_exist.dwg"}}
{"timestamp": "2026-07-27T16:27:34.979096+08:00", "level": "runtime", "action": "parser_started", "project_id": "empty1", "agent": "parser", "task_id": "parser-empty1", "extra": {"input": "/Users/shijunteng/Desktop/图纸/InteriorDesignOS/examples/input/empty_project/empty.txt"}}
{"timestamp": "2026-07-27T16:27:34.979188+08:00", "level": "runtime", "action": "input_loaded", "project_id": "empty1", "agent": "parser", "task_id": "parser-empty1", "extra": {"size": 0, "mime": "text/plain", "hash": "e3b0c44298fc"}}
{"timestamp": "2026-07-27T16:27:34.979234+08:00", "level": "runtime", "action": "input_type", "project_id": "empty1", "agent": "parser", "task_id": "parser-empty1", "extra": {"input_type": "TEXT"}}
{"timestamp": "2026-07-27T16:27:34.979330+08:00", "level": "runtime", "action": "schema_validation", "project_id": "empty1", "agent": "parser", "task_id": "parser-empty1"}
{"timestamp": "2026-07-27T16:27:34.979617+08:00", "level": "runtime", "action": "schema_validation_ok", "project_id": "empty1", "agent": "parser", "task_id": "parser-empty1"}
{"timestamp": "2026-07-27T16:27:34.979983+08:00", "level": "runtime", "action": "workspace_saved", "project_id": "empty1", "agent": "parser", "extra": {"path": "/private/var/folders/0g/qs_2dts56wv6c2ctndzz2txm0000gn/T/pytest-of-shijunteng/pytest-14/test_run_parser_empty_input0/ws/projects/empty1/original_model.json", "version": "v1"}}
{"timestamp": "2026-07-27T16:27:34.980145+08:00", "level": "runtime", "action": "checkpoint_saved", "project_id": "empty1", "agent": "parser", "extra": {"path": "/private/var/folders/0g/qs_2dts56wv6c2ctndzz2txm0000gn/T/pytest-of-shijunteng/pytest-14/test_run_parser_empty_input0/ws/projects/empty1/checkpoint_parser_v1.json", "checkpoint": "checkpoint_parser_v1.json"}}
{"timestamp": "2026-07-27T16:27:34.980188+08:00", "level": "runtime", "action": "parser_finished", "project_id": "empty1", "agent": "parser", "task_id": "parser-empty1", "extra": {"success": true}}
{"timestamp": "2026-07-27T16:58:17.880639+08:00", "level": "runtime", "action": "design_started", "project_id": "ds_test", "agent": "design", "task_id": "design-ds_test"}
{"timestamp": "2026-07-27T16:58:17.881619+08:00", "level": "runtime", "action": "schema_validation_ok", "project_id": "ds_test", "agent": "design", "task_id": "design-ds_test"}
{"timestamp": "2026-07-27T16:58:17.881723+08:00", "level": "runtime", "action": "design_finished", "project_id": "ds_test", "agent": "design", "task_id": "design-ds_test", "extra": {"success": true}}
{"timestamp": "2026-07-27T16:58:18.018238+08:00", "level": "runtime", "action": "parser_started", "project_id": "t1", "agent": "parser", "task_id": "parser-t1", "extra": {"input": "/Users/shijunteng/Desktop/图纸/InteriorDesignOS/examples/input/sample_json/sample.json"}}
{"timestamp": "2026-07-27T16:58:18.018408+08:00", "level": "runtime", "action": "input_loaded", "project_id": "t1", "agent": "parser", "task_id": "parser-t1", "extra": {"size": 1134, "mime": "application/json", "hash": "4a1b9feacf11"}}
{"timestamp": "2026-07-27T16:58:18.018458+08:00", "level": "runtime", "action": "input_type", "project_id": "t1", "agent": "parser", "task_id": "parser-t1", "extra": {"input_type": "TEXT"}}
{"timestamp": "2026-07-27T16:58:18.018596+08:00", "level": "runtime", "action": "schema_validation", "project_id": "t1", "agent": "parser", "task_id": "parser-t1"}
{"timestamp": "2026-07-27T16:58:18.019186+08:00", "level": "runtime", "action": "schema_validation_ok", "project_id": "t1", "agent": "parser", "task_id": "parser-t1"}
{"timestamp": "2026-07-27T16:58:18.019562+08:00", "level": "runtime", "action": "workspace_saved", "project_id": "t1", "agent": "parser", "extra": {"path": "/private/var/folders/0g/qs_2dts56wv6c2ctndzz2txm0000gn/T/pytest-of-shijunteng/pytest-18/test_run_parser_success_saves_0/ws/projects/t1/original_model.json", "version": "v1"}}
{"timestamp": "2026-07-27T16:58:18.019735+08:00", "level": "runtime", "action": "checkpoint_saved", "project_id": "t1", "agent": "parser", "extra": {"path": "/private/var/folders/0g/qs_2dts56wv6c2ctndzz2txm0000gn/T/pytest-of-shijunteng/pytest-18/test_run_parser_success_saves_0/ws/projects/t1/checkpoint_parser_v1.json", "checkpoint": "checkpoint_parser_v1.json"}}
{"timestamp": "2026-07-27T16:58:18.019780+08:00", "level": "runtime", "action": "parser_finished", "project_id": "t1", "agent": "parser", "task_id": "parser-t1", "extra": {"success": true}}
{"timestamp": "2026-07-27T16:58:18.021031+08:00", "level": "runtime", "action": "parser_started", "project_id": "img1", "agent": "parser", "task_id": "parser-img1", "extra": {"input": "/Users/shijunteng/Desktop/图纸/InteriorDesignOS/examples/input/sample_image/sample.png"}}
{"timestamp": "2026-07-27T16:58:18.021279+08:00", "level": "runtime", "action": "input_loaded", "project_id": "img1", "agent": "parser", "task_id": "parser-img1", "extra": {"size": 69, "mime": "image/png", "hash": "ae4055a4c637"}}
{"timestamp": "2026-07-27T16:58:18.021337+08:00", "level": "runtime", "action": "input_type", "project_id": "img1", "agent": "parser", "task_id": "parser-img1", "extra": {"input_type": "IMAGE"}}
{"timestamp": "2026-07-27T16:58:18.021429+08:00", "level": "runtime", "action": "schema_validation", "project_id": "img1", "agent": "parser", "task_id": "parser-img1"}
{"timestamp": "2026-07-27T16:58:18.021721+08:00", "level": "runtime", "action": "schema_validation_ok", "project_id": "img1", "agent": "parser", "task_id": "parser-img1"}
{"timestamp": "2026-07-27T16:58:18.022071+08:00", "level": "runtime", "action": "workspace_saved", "project_id": "img1", "agent": "parser", "extra": {"path": "/private/var/folders/0g/qs_2dts56wv6c2ctndzz2txm0000gn/T/pytest-of-shijunteng/pytest-18/test_run_parser_image_empty_ge0/ws/projects/img1/original_model.json", "version": "v1"}}
{"timestamp": "2026-07-27T16:58:18.022232+08:00", "level": "runtime", "action": "checkpoint_saved", "project_id": "img1", "agent": "parser", "extra": {"path": "/private/var/folders/0g/qs_2dts56wv6c2ctndzz2txm0000gn/T/pytest-of-shijunteng/pytest-18/test_run_parser_image_empty_ge0/ws/projects/img1/checkpoint_parser_v1.json", "checkpoint": "checkpoint_parser_v1.json"}}
{"timestamp": "2026-07-27T16:58:18.022276+08:00", "level": "runtime", "action": "parser_finished", "project_id": "img1", "agent": "parser", "task_id": "parser-img1", "extra": {"success": true}}
{"timestamp": "2026-07-27T16:58:18.023306+08:00", "level": "runtime", "action": "parser_started", "project_id": "pdf1", "agent": "parser", "task_id": "parser-pdf1", "extra": {"input": "/Users/shijunteng/Desktop/图纸/InteriorDesignOS/examples/input/sample_pdf/sample.pdf"}}
{"timestamp": "2026-07-27T16:58:18.023921+08:00", "level": "runtime", "action": "input_loaded", "project_id": "pdf1", "agent": "parser", "task_id": "parser-pdf1", "extra": {"size": 193, "mime": "application/pdf", "hash": "e5a636ac00ea"}}
{"timestamp": "2026-07-27T16:58:18.024007+08:00", "level": "runtime", "action": "input_type", "project_id": "pdf1", "agent": "parser", "task_id": "parser-pdf1", "extra": {"input_type": "PDF"}}
{"timestamp": "2026-07-27T16:58:18.024104+08:00", "level": "runtime", "action": "schema_validation", "project_id": "pdf1", "agent": "parser", "task_id": "parser-pdf1"}
{"timestamp": "2026-07-27T16:58:18.024738+08:00", "level": "runtime", "action": "schema_validation_ok", "project_id": "pdf1", "agent": "parser", "task_id": "parser-pdf1"}
{"timestamp": "2026-07-27T16:58:18.026021+08:00", "level": "runtime", "action": "workspace_saved", "project_id": "pdf1", "agent": "parser", "extra": {"path": "/private/var/folders/0g/qs_2dts56wv6c2ctndzz2txm0000gn/T/pytest-of-shijunteng/pytest-18/test_run_parser_pdf_empty_geom0/ws/projects/pdf1/original_model.json", "version": "v1"}}
{"timestamp": "2026-07-27T16:58:18.026248+08:00", "level": "runtime", "action": "checkpoint_saved", "project_id": "pdf1", "agent": "parser", "extra": {"path": "/private/var/folders/0g/qs_2dts56wv6c2ctndzz2txm0000gn/T/pytest-of-shijunteng/pytest-18/test_run_parser_pdf_empty_geom0/ws/projects/pdf1/checkpoint_parser_v1.json", "checkpoint": "checkpoint_parser_v1.json"}}
{"timestamp": "2026-07-27T16:58:18.026299+08:00", "level": "runtime", "action": "parser_finished", "project_id": "pdf1", "agent": "parser", "task_id": "parser-pdf1", "extra": {"success": true}}
{"timestamp": "2026-07-27T16:58:18.027373+08:00", "level": "runtime", "action": "parser_started", "project_id": "x", "agent": "parser", "task_id": "parser-x", "extra": {"input": "/Users/shijunteng/Desktop/图纸/InteriorDesignOS/examples/input/does_not_exist.dwg"}}
{"timestamp": "2026-07-27T16:58:18.028235+08:00", "level": "runtime", "action": "parser_started", "project_id": "empty1", "agent": "parser", "task_id": "parser-empty1", "extra": {"input": "/Users/shijunteng/Desktop/图纸/InteriorDesignOS/examples/input/empty_project/empty.txt"}}
{"timestamp": "2026-07-27T16:58:18.028410+08:00", "level": "runtime", "action": "input_loaded", "project_id": "empty1", "agent": "parser", "task_id": "parser-empty1", "extra": {"size": 0, "mime": "text/plain", "hash": "e3b0c44298fc"}}
{"timestamp": "2026-07-27T16:58:18.028460+08:00", "level": "runtime", "action": "input_type", "project_id": "empty1", "agent": "parser", "task_id": "parser-empty1", "extra": {"input_type": "TEXT"}}
{"timestamp": "2026-07-27T16:58:18.028569+08:00", "level": "runtime", "action": "schema_validation", "project_id": "empty1", "agent": "parser", "task_id": "parser-empty1"}
{"timestamp": "2026-07-27T16:58:18.029048+08:00", "level": "runtime", "action": "schema_validation_ok", "project_id": "empty1", "agent": "parser", "task_id": "parser-empty1"}
{"timestamp": "2026-07-27T16:58:18.029438+08:00", "level": "runtime", "action": "workspace_saved", "project_id": "empty1", "agent": "parser", "extra": {"path": "/private/var/folders/0g/qs_2dts56wv6c2ctndzz2txm0000gn/T/pytest-of-shijunteng/pytest-18/test_run_parser_empty_input0/ws/projects/empty1/original_model.json", "version": "v1"}}
{"timestamp": "2026-07-27T16:58:18.029613+08:00", "level": "runtime", "action": "checkpoint_saved", "project_id": "empty1", "agent": "parser", "extra": {"path": "/private/var/folders/0g/qs_2dts56wv6c2ctndzz2txm0000gn/T/pytest-of-shijunteng/pytest-18/test_run_parser_empty_input0/ws/projects/empty1/checkpoint_parser_v1.json", "checkpoint": "checkpoint_parser_v1.json"}}
{"timestamp": "2026-07-27T16:58:18.029677+08:00", "level": "runtime", "action": "parser_finished", "project_id": "empty1", "agent": "parser", "task_id": "parser-empty1", "extra": {"success": true}}
